FakeID,uid,Count
1,65621232,5
2,31904054,42
3,2620367,4
4,13125875,17
5,51634002,40
6,544569,3
7,14311672,6
8,61178,10
9,7937326,4
10,21956611,4
11,7179261,6
12,23996578,5
13,28916261,3
14,4043535,4
15,42278201,3
16,1501624,13
17,4234531,5
18,33931585,20
19,1648908,3
20,5640315,4
21,4812297,6
22,6173792,31
23,10231569,3
24,33678222,3
25,5468892,5
26,5629907,5
27,12892835,5
28,95795,5
29,4091818,58
30,1267249,36
31,18312353,3
32,11196180,12
33,11107056,5
34,13982661,7
35,14509164,54
36,1872183,3
37,8050407,4
38,14508186,5
39,27651898,3
40,514918,3
41,458807,11
42,49306,3
43,11133233,5
44,1001904,7
45,23166356,5
46,22231838,9
47,4340461,3
48,1680159,8
49,10910621,4
50,600586,9
51,48127806,16
52,45273153,7
53,57794345,35
54,34019053,17
55,175265,12
56,29373180,14
57,30417,3
58,7945008,3
59,10381826,4
60,14106209,5
61,534612,3
62,53420103,15
63,11657148,4
64,54380850,32
65,4185621,7
66,32311134,22
67,1457085,31
68,19864130,31
69,945100,8
70,10035103,36
71,56224714,3
72,32357783,4
73,226871,4
74,9143208,5
75,13425409,3
76,6998115,10
77,34248482,7
78,46631844,14
79,8729617,13
80,14557942,19
81,58435906,3
82,26277583,5
83,2349437,25
84,25200414,27
85,70116488,9
86,1882094,23
87,8960115,3
88,86072017,5
89,41064201,11
90,57044283,17
91,32910379,3
92,11064672,8
93,34722083,6
94,3008028,16
95,24063427,9
96,40292904,8
97,17543708,5
98,9358052,6
99,60261706,4
100,591912,7
101,46315172,8
102,29587052,8
103,75739030,19
104,40857987,12
105,21891636,4
106,642303,4
107,1027983,10
108,48918279,5
109,1274828,3
110,4155556,20
111,14282480,4
112,2987959,6
113,6150300,12
114,31908,6
115,6247334,5
116,5846,73
117,6688596,9
118,73726038,3
119,17104407,9
120,17620,3
121,8330107,78
122,11940229,8
123,393989,24
124,14747281,15
125,138722,33
126,47766710,13
127,64525725,30
128,1714995,3
129,8767268,9
130,6809102,4
131,499720,3
132,997942,3
133,570483,8
134,80237832,7
135,4830271,15
136,6063007,3
137,4187147,10
138,54103842,3
139,6973693,7
140,8234555,61
141,1129644,6
142,2531075,32
143,1092756,8
144,9575946,4
145,34441018,4
146,2519776,7
147,195306,42
148,11243971,6
149,1135186,21
150,17314557,4
151,2540007,17
152,54412,13
153,5546063,7
154,40974256,4
155,11928282,3
156,621004,4
157,27203149,5
158,15336647,5
159,4913286,4
160,40007690,3
161,1153511,4
162,57980820,40
163,1090537,9
164,27447181,22
165,18188575,3
166,49624990,7
167,31445922,6
168,2583554,12
169,28879124,3
170,29871113,3
171,44653211,20
172,16841725,7
173,723049,3
174,19874199,3
175,435846,95
176,53406905,3
177,62066677,12
178,1389286,3
179,29052381,7
180,83128816,3
181,68449556,43
182,34019269,10
183,48254550,3
184,7720183,15
185,322070,15
186,11744963,10
187,22016920,19
188,892139,21
189,48448591,15
190,707536,4
191,294835,3
192,32644060,16
193,7358789,5
194,2304006,8
195,10768060,37
196,26936444,17
197,244312,17
198,970759,5
199,9326679,6
200,2898255,6
201,354259,3
202,75283794,3
203,3577867,31
204,4875666,15
205,18895715,20
206,1874592,5
207,405020,13
208,1010888,8
209,150604,5
210,5771916,5
211,73911,3
212,2978912,3
213,52141623,3
214,96621,3
215,376153,8
216,1030867,4
217,2156575,5
218,34114013,16
219,532115,3
220,215327,4
221,26182040,6
222,82405857,20
223,3418809,30
224,61977212,3
225,42585277,4
226,11822443,4
227,645362,5
228,690563,23
229,24807031,30
230,25363460,4
231,9113827,15
232,3110822,7
233,152191,5
234,19520944,3
235,6228121,26
236,75071,24
237,1001921,19
238,408374,6
239,408376,4
240,12230287,3
241,13799126,3
242,5547070,10
243,9726423,4
244,53817848,4
245,4619159,4
246,190179,5
247,7304320,22
248,44053232,6
249,10944444,6
250,3308863,73
251,1182662,5
252,25008657,11
253,6933388,6
254,49669419,8
255,24561590,10
256,23674608,5
257,230083,9
258,42596723,66
259,12502015,5
260,10595588,16
261,8221005,3
262,3208017,6
263,303373,5
264,34239074,7
265,1158354,9
266,26646742,4
267,8388555,11
268,19065447,10
269,2595416,4
270,137663,12
271,202728,13
272,23356216,9
273,1799819,4
274,3536921,5
275,1458646,12
276,66985179,7
277,5042581,10
278,1700329,5
279,560071,14
280,3647052,23
281,6061166,4
282,75933971,8
283,54012149,16
284,9919479,3
285,45692332,4
286,6482405,8
287,7443705,3
288,31767514,8
289,11661540,8
290,971342,3
291,532937,16
292,3129066,12
293,6880161,22
294,3741485,8
295,7510558,3
296,666204,3
297,22134779,5
298,12201832,15
299,992296,22
300,375548,3
301,3647274,10
302,35928934,6
303,3542334,7
304,14581370,39
305,403685,11
306,66786,8
307,13704236,3
308,4983961,4
309,9651982,4
310,11160832,3
311,19197263,16
312,1094774,9
313,1718405,6
314,47626894,6
315,8526762,46
316,13683775,3
317,104251,11
318,2157005,4
319,13683772,3
320,32827148,8
321,34904086,3
322,50477678,4
323,49742595,3
324,48350220,3
325,26345407,10
326,1050412,3
327,16583263,20
328,2664275,35
329,57122015,3
330,2587282,9
331,25145968,13
332,12633113,19
333,205099,50
334,34076719,7
335,79816813,6
336,12607048,37
337,12732688,14
338,46191376,13
339,60470189,4
340,11098714,3
341,2956885,7
342,29388039,12
343,2563333,6
344,787047,31
345,14640467,3
346,2684038,3
347,25475358,3
348,93800,11
349,248005,6
350,77600981,12
351,28897972,9
352,82227794,6
353,12563920,8
354,105615,3
355,39376209,4
356,17950969,11
357,6771244,3
358,10014689,3
359,44729505,3
360,3631436,43
361,13909046,16
362,26328092,4
363,2654491,69
364,13093147,46
365,9982294,122
366,1262534,3
367,34116254,8
368,2128074,16
369,41988602,15
370,8691492,5
371,1153453,19
372,2537221,7
373,3802448,4
374,16534290,49
375,3000325,9
376,388283,9
377,81370643,12
378,1259094,3
379,220867,3
380,82419985,7
381,4326452,6
382,837231,58
383,59974,3
384,3692761,3
385,229502,4
386,32992749,10
387,31559,3
388,24599062,23
389,39917967,4
390,747466,10
391,43567581,8
392,29070605,4
393,19414522,3
394,223112,5
395,41575502,57
396,9424243,10
397,541170,5
398,10772383,3
399,1367996,4
400,40631575,4
401,22993187,21
402,60707522,8
403,496935,6
404,19916177,7
405,1890438,6
406,60212203,16
407,60490666,37
408,11513081,4
409,6112594,8
410,11463956,3
411,41293572,32
412,2467181,18
413,23139411,55
414,34649392,34
415,1207956,12
416,26337286,4
417,737328,8
418,52728658,15
419,82512490,3
420,664699,28
421,1231423,15
422,6288245,3
423,4056202,5
424,32727,21
425,52467672,6
426,24735056,5
427,6130826,12
428,15797017,5
429,500397,4
430,15507527,6
431,28913336,5
432,29350659,6
433,7287580,5
434,121568,4
435,3549661,33
436,57061223,31
437,63064,3
438,472947,5
439,51683557,13
440,29522552,4
441,23442590,9
442,30491287,49
443,46688116,6
444,328512,11
445,2336808,3
446,12284364,25
447,426926,3
448,65920893,6
449,724939,29
450,8676942,4
451,1291530,4
452,285770,4
453,5273518,3
454,25865808,3
455,7836415,8
456,3541323,12
457,34751906,5
458,29416200,3
459,2236729,18
460,39887222,16
461,18171895,19
462,20433762,22
463,33418125,14
464,1457049,12
465,60560697,10
466,9353548,3
467,1749025,31
468,53210053,10
469,2634963,20
470,168222,17
471,5701539,3
472,46780193,12
473,11111513,13
474,7275052,14
475,10244209,4
476,1827463,5
477,12731942,10
478,2219549,6
479,7141,12
480,4052309,3
481,268899,6
482,39704098,5
483,7492,3
484,1278839,10
485,14521826,4
486,7525924,7
487,1140323,3
488,6823285,10
489,3542314,7
490,30322779,3
491,2051007,22
492,2212630,13
493,1099850,7
494,3672942,9
495,30424086,3
496,16323699,19
497,32114093,11
498,56613176,3
499,18214392,5
500,14327698,5
501,4832181,4
502,8658746,7
503,174827,4
504,54087642,4
505,4051014,5
506,3690684,7
507,44213304,13
508,388675,4
509,2944317,4
510,45407920,12
511,404785,4
512,12812516,7
513,14111170,58
514,3800007,3
515,5911948,49
516,5968941,33
517,9117790,3
518,5293397,32
519,18209302,14
520,8501159,3
521,9554276,11
522,73479323,11
523,27948014,19
524,78938128,6
525,52012970,5
526,1702647,21
527,78438743,11
528,51857163,4
529,11531324,8
530,47716487,14
531,3050755,6
532,1693466,3
533,8869783,5
534,29263986,3
535,12015515,4
536,9881646,3
537,7244208,4
538,11132312,23
539,550152,10
540,5773264,5
541,39820,7
542,1635735,3
543,12585624,13
544,9721673,4
545,48969755,11
546,12663605,3
547,102210,4
548,82136231,33
549,11192052,5
550,11583957,3
551,2597979,4
552,18973,3
553,11291683,29
554,43478938,3
555,23213764,6
556,43444554,3
557,257446,9
558,11373415,7
559,2549975,11
560,12923183,14
561,11903382,9
562,18780411,7
563,353152,3
564,1017729,6
565,79802773,9
566,50389500,13
567,15726662,5
568,5705404,15
569,6308785,18
570,16571432,17
571,3421694,9
572,2196248,4
573,12682700,4
574,538228,4
575,9063445,17
576,7150677,3
577,62106,6
578,72153419,4
579,30379,8
580,111009,4
581,8192267,29
582,3692215,3
583,13728430,4
584,4096381,4
585,88795901,3
586,76193661,10
587,1319565,3
588,6929576,5
589,3022837,4
590,81196423,3
591,2278795,13
592,11824718,6
593,13835037,6
594,700862,7
595,23542737,3
596,35027099,10
597,14601539,4
598,449697,4
599,4720043,4
600,9677073,4
601,351324,8
602,74729777,4
603,5578386,4
604,34829545,5
605,46739723,3
606,34439361,3
607,60192236,16
608,328956,3
609,47314620,3
610,71185345,17
611,71983665,36
612,2693384,24
613,196101,7
614,523034,3
615,29257228,14
616,10368601,5
617,713588,13
618,1426603,3
619,1313284,29
620,3600156,5
621,2301613,4
622,60329422,7
623,96669,9
624,1419283,3
625,9579151,6
626,97397,19
627,7353470,4
628,45370547,4
629,23216397,5
630,455862,29
631,11155152,19
632,25002119,4
633,50623578,4
634,19696268,10
635,972947,3
636,877249,5
637,889131,14
638,13992989,10
639,2338139,70
640,13322905,7
641,1753618,5
642,12883618,10
643,8454448,7
644,10877257,5
645,12145721,6
646,51304261,3
647,54605499,5
648,651211,8
649,13034545,11
650,379442,9
651,16737293,7
652,13919789,7
653,11104469,5
654,2799931,3
655,40213286,6
656,9049762,19
657,26449723,8
658,24706,3
659,34450436,26
660,649139,10
661,5218565,7
662,40826490,6
663,148659,22
664,15228897,30
665,11009039,7
666,2440515,4
667,18734736,5
668,32142879,3
669,4653136,6
670,11534850,30
671,10549433,7
672,2684316,6
673,325727,7
674,6504763,8
675,24283466,24
676,22432428,3
677,15151,5
678,4015559,3
679,3388528,46
680,15829686,3
681,1776304,8
682,32783795,3
683,15648070,4
684,61765657,6
685,42903687,7
686,88793059,9
687,584422,19
688,6839789,13
689,752489,3
690,20266031,18
691,39844068,3
692,30686712,4
693,14209344,4
694,43043310,15
695,4917735,9
696,34576847,3
697,412347,22
698,2758789,5
699,7450533,5
700,5199334,6
701,49947013,3
702,2281545,3
703,8434721,3
704,417271,13
705,206973,4
706,5815016,26
707,1781244,19
708,6532319,3
709,692575,7
710,1364899,3
711,18480011,5
712,992789,3
713,6895038,3
714,4965873,12
715,10004553,8
716,14150885,11
717,5517637,4
718,2978540,3
719,3051695,4
720,39079164,4
721,11760298,14
722,14998083,3
723,12568161,4
724,52673550,13
725,15884710,29
726,53736129,15
727,1665833,49
728,6348125,7
729,183916,3
730,1301654,4
731,17320255,4
732,2472232,3
733,21888715,9
734,45550559,9
735,2180039,13
736,1530439,3
737,3721489,5
738,2637991,21
739,2473728,12
740,14001403,7
741,4752847,10
742,13715823,4
743,9647278,7
744,21437268,4
745,1338319,5
746,1298431,3
747,2111751,3
748,1185844,15
749,12117960,3
750,12117964,11
751,5606162,3
752,12864229,3
753,49940366,12
754,1566443,13
755,210389,8
756,13838391,6
757,1392291,3
758,64093992,8
759,7094441,5
760,16856380,14
761,23250544,16
762,5691231,4
763,1251698,4
764,1267019,4
765,3454,9
766,12525819,6
767,274640,42
768,274867,5
769,13803550,8
770,63841685,11
771,31871454,9
772,12298431,5
773,70321,10
774,74532198,3
775,43043925,28
776,19254389,3
777,35703233,3
778,83826613,5
779,31907053,7
780,18015059,27
781,6586167,6
782,58745506,29
783,1857947,40
784,2819566,5
785,14020096,10
786,8744461,6
787,3981335,6
788,3273632,6
789,866046,3
790,46397397,3
791,82115,5
792,3288099,3
793,14053465,3
794,3699813,3
795,328939,4
796,145536,7
797,38064992,8
798,45385986,4
799,8127406,10
800,2247108,21
801,11809191,22
802,9240907,16
803,229903,3
804,196168,8
805,543950,4
806,49002722,24
807,25904172,3
808,39647288,4
809,59073273,6
810,615087,28
811,3032458,3
812,21220788,5
813,1515031,4
814,1515037,35
815,4604524,7
816,20462194,5
817,13776299,5
818,77450,25
819,2562818,31
820,425122,3
821,71266907,24
822,2392629,6
823,22027592,3
824,2153135,10
825,1703274,4
826,62361692,6
827,9587014,24
828,383081,6
829,2171279,10
830,11423317,3
831,15302387,7
832,77210420,3
833,3554441,4
834,5820718,7
835,2306323,43
836,5792885,6
837,17705689,9
838,66275210,4
839,82630658,3
840,7201778,8
841,37530866,4
842,4973539,4
843,22462829,11
844,105440,10
845,41602149,3
846,16112733,38
847,15182223,3
848,23889337,17
849,61635427,45
850,2500948,3
851,10963143,7
852,8652332,9
853,1670360,13
854,1761103,6
855,72983275,4
856,654344,3
857,1691277,7
858,29345694,20
859,993149,7
860,1535715,4
861,6584935,16
862,4091677,3
863,728979,6
864,20641205,4
865,13384209,10
866,46619992,4
867,3968068,17
868,4969586,6
869,11128866,15
870,8667104,7
871,9473111,4
872,4468274,4
873,18858140,6
874,50184656,77
875,10138688,6
876,4993212,3
877,17818112,12
878,7292424,24
879,9940051,3
880,67288471,12
881,1633227,3
882,461567,32
883,1407201,3
884,6260806,7
885,21113170,3
886,35891059,9
887,11929788,5
888,1885492,5
889,76261,4
890,48738399,7
891,20914164,3
892,14599567,3
893,1632791,11
894,6399092,7
895,33290085,3
896,43118037,3
897,1736288,4
898,13246915,11
899,36833,18
900,16431905,48
901,32090451,6
902,87866,3
903,103207,11
904,2522800,13
905,7677548,7
906,56678202,25
907,262402,3
908,1839739,3
909,4387160,4
910,790192,6
911,1751284,45
912,58182889,5
913,12700834,16
914,17997478,5
915,603876,3
916,52032036,32
917,55885638,6
918,20580313,26
919,476080,4
920,1666544,56
921,1715530,6
922,139504,29
923,35417028,26
924,9587483,7
925,20562306,4
926,937385,6
927,43032040,4
928,3713012,18
929,59951231,4
930,72702867,18
931,1917157,4
932,5538101,3
933,3845205,5
934,45662088,13
935,8506468,7
936,2317046,9
937,33753088,9
938,4314301,4
939,305130,13
940,2654436,3
941,1437436,3
942,10189889,4
943,42456437,3
944,78777243,18
945,1172556,4
946,43851214,4
947,3725696,7
948,14720307,7
949,8119254,6
950,3514667,31
951,1526807,11
952,65062286,3
953,8856030,5
954,13669839,15
955,8719208,5
956,21052802,10
957,53532625,22
958,34999567,4
959,35921022,3
960,62458035,34
961,4780358,3
962,61203461,14
963,1016582,5
964,1484899,3
965,5235390,4
966,22124843,3
967,4941740,8
968,7123618,3
969,4792505,3
970,40057565,3
971,68806296,5
972,21223565,4
973,2954311,3
974,6037052,9
975,9362653,4
976,1668804,3
977,2852446,3
978,43216377,6
979,8571465,4
980,15370677,30
981,1890768,9
982,24857261,6
983,7903418,5
984,1426998,4
985,42034994,33
986,16745605,3
987,502338,4
988,18789539,11
989,216505,6
990,52332044,3
991,415932,10
992,2086941,26
993,4055768,5
994,9617110,7
995,42831246,6
996,21386536,4
997,46626274,5
998,5391940,3
999,979374,5
1000,934839,6
1001,15531235,4
1002,3340585,21
1003,3252648,3
1004,28886079,4
1005,25353244,11
1006,43828397,5
1007,36718471,7
1008,1510222,25
1009,58568768,10
1010,19353820,3
1011,338399,6
1012,66024,8
1013,302916,3
1014,12638081,29
1015,28402553,8
1016,131398,10
1017,1976809,18
1018,1191987,17
1019,13020904,4
1020,60111039,13
1021,43727,7
1022,21604061,5
1023,1644860,7
1024,35771814,5
1025,2567710,8
1026,1438217,5
1027,2353355,6
1028,1946949,17
1029,7242359,8
1030,2161823,5
1031,30747718,8
1032,29903756,19
1033,744216,22
1034,15722872,14
1035,7777637,3
1036,16810897,11
1037,3819595,8
1038,28918971,7
1039,62188282,3
1040,13038367,17
1041,85365,58
1042,2802989,4
1043,4277621,5
1044,35242483,4
1045,763311,17
1046,3383839,6
1047,40414504,3
1048,26501222,7
1049,26384345,8
1050,762302,7
1051,50926450,8
1052,35742251,5
1053,14879729,5
1054,46894271,8
1055,18165454,4
1056,199502,3
1057,2229403,3
1058,12264242,3
1059,390713,9
1060,23308590,8
1061,78310,11
1062,59889183,33
1063,19319112,5
1064,4518499,7
1065,898987,24
1066,10490454,12
1067,43642233,14
1068,1047438,3
1069,87369039,15
1070,4528447,41
1071,85012286,3
1072,42889681,5
1073,47250172,6
1074,9449882,3
1075,39683173,6
1076,12572427,4
1077,25408727,14
1078,78329713,5
1079,4823581,7
1080,8733108,3
1081,129788,18
1082,28059186,11
1083,7729461,4
1084,151679,4
1085,26323962,5
1086,887797,3
1087,452055,14
1088,2518744,6
1089,2570314,3
1090,9679868,51
1091,41413140,4
1092,7945601,3
1093,511847,8
1094,25302870,3
1095,62280971,5
1096,84717607,4
1097,10620827,4
1098,2349989,3
1099,151583,38
1100,47800197,4
1101,36286044,9
1102,1060087,22
1103,20169451,13
1104,21114517,3
1105,25072752,5
1106,143551,18
1107,17831611,4
1108,2983301,6
1109,10329991,3
1110,69206790,4
1111,328108,16
1112,11707531,6
1113,1995670,7
1114,8407524,9
1115,10835982,10
1116,25904,34
1117,2824616,16
1118,14867581,4
1119,11673614,9
1120,3861190,8
1121,1687808,10
1122,22052417,3
1123,382250,8
1124,71903927,136
1125,4525569,3
1126,6876232,3
1127,1450817,4
1128,1926925,3
1129,7153104,5
1130,1227667,3
1131,36566215,15
1132,174493,3
1133,13163967,13
1134,30102355,7
1135,12893623,7
1136,17669365,13
1137,7690816,15
1138,5112733,8
1139,24152642,15
1140,9709053,18
1141,7582152,3
1142,48514838,9
1143,53308522,5
1144,2454150,116
1145,772248,4
1146,2057133,11
1147,905297,4
1148,41720332,16
1149,71050833,3
1150,6619067,9
1151,1158904,3
1152,4635757,7
1153,1838591,6
1154,1825485,16
1155,4582380,5
1156,3238567,33
1157,37453,4
1158,8569159,3
1159,3120427,3
1160,35601066,3
1161,141791,3
1162,7497099,3
1163,1175291,6
1164,2618299,14
1165,12791570,19
1166,58613901,14
1167,1071552,16
1168,54432600,15
1169,18530438,15
1170,7118053,3
1171,2416458,9
1172,7600511,4
1173,35327535,3
1174,582717,8
1175,3225745,9
1176,2615408,3
1177,69124206,5
1178,19487255,7
1179,2198042,4
1180,41099797,4
1181,9231800,3
1182,5104829,15
1183,2064053,3
1184,1390559,10
1185,9761761,12
1186,19359165,3
1187,81682841,3
1188,34295877,5
1189,3806203,10
1190,69570270,10
1191,2771671,3
1192,48998993,4
1193,9386893,5
1194,53540644,4
1195,7798715,5
1196,47881,6
1197,1081816,54
1198,9942344,6
1199,3367660,7
1200,11292393,8
1201,1137781,3
1202,48062543,3
1203,2024271,158
1204,35783540,17
1205,12270725,10
1206,58298767,7
1207,27742949,13
1208,473835,5
1209,11198333,10
1210,23764774,8
1211,7776132,5
1212,5841714,4
1213,27705331,13
1214,13203416,14
1215,14099445,3
1216,1931723,17
1217,7972489,3
1218,338665,7
1219,2624790,4
1220,11557258,9
1221,131001,5
1222,1201538,5
1223,899930,11
1224,71671498,4
1225,28781163,9
1226,19108810,3
1227,2699661,3
1228,17945345,4
1229,1929576,9
1230,12537029,32
1231,65633,5
1232,1929579,14
1233,535196,3
1234,1334981,4
1235,5213655,5
1236,9553521,6
1237,170227,21
1238,93276,3
1239,13682527,8
1240,1025916,3
1241,135668,6
1242,7777779,4
1243,84000488,31
1244,19401106,5
1245,12015909,3
1246,3065344,17
1247,8542356,4
1248,51367591,7
1249,6510198,3
1250,24908581,14
1251,3503189,3
1252,8152216,5
1253,5839075,14
1254,15099503,3
1255,33874300,57
1256,8883772,3
1257,64270,7
1258,6577922,8
1259,1002140,24
1260,7061161,3
1261,1733266,4
1262,1958989,15
1263,2510800,7
1264,9161659,4
1265,3403177,6
1266,44590997,4
1267,59708,5
1268,24689928,3
1269,1196300,6
1270,25481877,35
1271,7686144,6
1272,134745,3
1273,3623131,12
1274,14015653,5
1275,285264,6
1276,3024831,3
1277,27747743,3
1278,9262942,55
1279,11709618,15
1280,9795352,6
1281,2415158,4
1282,34143683,14
1283,1678440,28
1284,21386724,3
1285,841468,32
1286,14207853,3
1287,19636857,3
1288,26266384,3
1289,2291323,8
1290,2869073,8
1291,1262760,8
1292,6991670,7
1293,4890352,3
1294,11088883,38
1295,13236404,11
1296,42667536,3
1297,5710901,8
1298,42015558,6
1299,4586414,6
1300,2800,4
1301,452079,26
1302,2148286,4
1303,359166,14
1304,1724001,16
1305,724289,17
1306,621545,3
1307,29277203,4
1308,40212104,6
1309,49363712,27
1310,4322534,5
1311,525443,3
1312,24410134,6
1313,238708,3
1314,28579626,13
1315,18759144,6
1316,10735328,9
1317,1147629,4
1318,3361111,45
1319,10660364,3
1320,8060010,6
1321,62086980,4
1322,4651770,5
1323,9767367,11
1324,38958370,12
1325,93646,10
1326,65787290,11
1327,15061,20
1328,460706,4
1329,25676,15
1330,75824554,4
1331,26200610,20
1332,4736988,4
1333,764403,10
1334,1705017,4
1335,1193950,15
1336,17307226,13
1337,2739887,40
1338,1018114,3
1339,46126485,42
1340,1690772,9
1341,7918411,3
1342,13323116,6
1343,29531715,5
1344,3374752,5
1345,1974145,12
1346,1873952,7
1347,100996,5
1348,12437094,6
1349,22110389,3
1350,48057751,5
1351,40102090,3
1352,1272748,76
1353,36176991,3
1354,713873,10
1355,22647123,11
1356,16994928,10
1357,387685,4
1358,12645525,6
1359,32734433,5
1360,596303,3
1361,73034697,17
1362,166927,13
1363,57372792,13
1364,339872,5
1365,138141,5
1366,13466910,40
1367,332359,3
1368,7128797,3
1369,1414645,3
1370,70076,4
1371,327367,8
1372,12608096,4
1373,1670284,3
1374,743781,12
1375,16514323,3
1376,6692416,9
1377,1425547,3
1378,4301952,9
1379,18557309,7
1380,16740775,3
1381,4683080,15
1382,26372444,46
1383,35936830,7
1384,5549082,12
1385,2982959,4
1386,13992299,7
1387,2908638,4
1388,4246465,4
1389,12233435,6
1390,35099320,45
1391,11750368,5
1392,18776298,16
1393,27142594,35
1394,3322095,4
1395,3114862,4
1396,34206308,4
1397,32695982,3
1398,29005,9
1399,11199678,4
1400,9116095,37
1401,178209,13
1402,16570731,6
1403,1443599,6
1404,746572,3
1405,5082771,27
1406,11083675,5
1407,26620648,16
1408,63773923,4
1409,6400474,10
1410,426406,3
1411,16897421,3
1412,18026525,11
1413,1264333,3
1414,50768779,4
1415,65943581,14
1416,1000982,14
1417,13448303,8
1418,62268650,4
1419,41227373,45
1420,33296330,7
1421,815707,3
1422,5678348,13
1423,61196571,7
1424,1649297,9
1425,58619980,14
1426,32041497,18
1427,64198642,10
1428,33400616,3
1429,5462275,21
1430,9284489,4
1431,11383,3
1432,27399072,3
1433,23690373,18
1434,576515,5
1435,2438635,21
1436,4606784,30
1437,60171219,21
1438,2601306,80
1439,12307018,4
1440,37508248,3
1441,3311247,9
1442,4684212,5
1443,57723,3
1444,653116,3
1445,9046588,6
1446,998536,13
1447,89751490,7
1448,16239259,3
1449,1396239,3
1450,78555286,11
1451,276847,23
1452,1299675,23
1453,74537986,7
1454,1504542,3
1455,8055942,4
1456,18052973,5
1457,72754415,17
1458,15110403,7
1459,3439296,3
1460,1216745,6
1461,2468761,7
1462,39303294,3
1463,870434,20
1464,12066851,19
1465,7977233,3
1466,36305030,19
1467,12227432,6
1468,117320,25
1469,65680875,12
1470,831121,3
1471,8041095,21
1472,21082380,52
1473,31704868,3
1474,7748896,17
1475,3741833,22
1476,8300583,3
1477,5594678,10
1478,6638151,12
1479,943190,3
1480,1610411,3
1481,12607877,5
1482,1934348,9
1483,23632903,17
1484,243568,5
1485,18912527,3
1486,79797692,3
1487,5001230,4
1488,1397941,39
1489,29050098,39
1490,4762544,3
1491,4759795,3
1492,18551840,3
1493,12932471,31
1494,3508303,5
1495,1787124,3
1496,6254930,4
1497,138467,5
1498,4681495,7
1499,945564,7
1500,3987067,5
1501,51135497,7
1502,555945,8
1503,57820154,6
1504,1786453,3
1505,11890695,59
1506,3652396,11
1507,27580235,3
1508,8596701,3
1509,10029705,12
1510,60798596,4
1511,59582,6
1512,33830358,8
1513,11954654,13
1514,2677063,16
1515,339077,5
1516,2238487,4
1517,60031316,24
1518,33831339,3
1519,65494015,4
1520,78709622,6
1521,19105168,46
1522,3665006,19
1523,67386469,4
1524,16580825,5
1525,1081992,43
1526,17620046,70
1527,10033569,28
1528,53787694,3
1529,876120,3
1530,511991,68
1531,32761045,5
1532,19359907,7
1533,3075765,8
1534,382740,13
1535,33498693,4
1536,79615821,9
1537,2233007,6
1538,578736,3
1539,21155728,17
1540,45419896,6
1541,8095964,8
1542,12154455,28
1543,1100101,3
1544,19933057,7
1545,276618,6
1546,55243991,3
1547,467551,4
1548,1214511,13
1549,27432,16
1550,873510,6
1551,809898,22
1552,366899,13
1553,19794258,6
1554,2099623,8
1555,13137573,3
1556,1570125,7
1557,51581574,21
1558,57385635,4
1559,32804298,6
1560,16540792,5
1561,3837415,3
1562,12352428,4
1563,10133423,3
1564,52347106,6
1565,476029,11
1566,88102022,6
1567,9380989,69
1568,4430048,6
1569,60832,7
1570,2142122,12
1571,7841614,3
1572,2642644,4
1573,22701,7
1574,1179651,4
1575,10505768,10
1576,5762860,68
1577,1647627,4
1578,14889560,36
1579,1609692,10
1580,40963692,9
1581,52348909,3
1582,12582595,7
1583,4614481,26
1584,514129,9
1585,5574498,49
1586,11526704,3
1587,8924043,3
1588,16587697,3
1589,52745,12
1590,4084044,89
1591,10660607,8
1592,120951,20
1593,2077997,20
1594,1835916,4
1595,11479744,12
1596,5603405,4
1597,12238447,4
1598,218416,8
1599,655287,4
1600,11976286,6
1601,117390,3
1602,3150659,5
1603,5811899,7
1604,32494680,3
1605,9190580,7
1606,228410,6
1607,725830,49
1608,13931575,3
1609,805792,42
1610,178266,4
1611,502351,4
1612,763080,29
1613,5646887,15
1614,1919236,4
1615,29745862,3
1616,10061794,10
1617,18627640,14
1618,4024024,4
1619,1866949,4
1620,22508775,8
1621,76488868,6
1622,307261,5
1623,19343875,11
1624,319719,3
1625,12326558,6
1626,13113871,6
1627,7098857,31
1628,43511564,3
1629,2874923,6
1630,903314,8
1631,48547985,19
1632,1177893,53
1633,59761729,3
1634,9980,6
1635,2498931,53
1636,29355422,3
1637,58311376,6
1638,858826,33
1639,503401,9
1640,8102514,6
1641,53366683,14
1642,7224813,9
1643,459730,3
1644,27429090,5
1645,6522145,4
1646,11667670,4
1647,1461440,10
1648,51918386,8
1649,25703791,17
1650,47979987,6
1651,5498781,14
1652,17433489,7
1653,32090510,5
1654,30573271,22
1655,372255,8
1656,56393287,3
1657,9977251,52
1658,750059,5
1659,6043517,6
1660,7374368,34
1661,163970,4
1662,1110870,4
1663,7906847,36
1664,469452,5
1665,1100912,6
1666,244040,3
1667,5902635,3
1668,357523,5
1669,2268149,3
1670,589771,7
1671,2904718,11
1672,13567883,10
1673,49713145,5
1674,1298554,7
1675,1250179,3
1676,27751421,5
1677,773690,31
1678,65991662,3
1679,732122,4
1680,218531,21
1681,7616475,38
1682,59103838,9
1683,1717506,8
1684,39402215,5
1685,50809395,12
1686,16441891,6
1687,62350558,25
1688,4940993,24
1689,31768264,15
1690,166046,17
1691,9616,33
1692,894776,5
1693,36364546,3
1694,21147452,7
1695,135787,3
1696,4324346,5
1697,17660620,26
1698,466472,38
1699,16317317,9
1700,48423317,3
1701,22749419,13
1702,1505768,5
1703,7533592,9
1704,10281186,10
1705,1899083,5
1706,89393420,5
1707,4789146,3
1708,63276763,9
1709,46953032,4
1710,779478,27
1711,8601274,7
1712,13000136,4
1713,24897984,21
1714,1547444,3
1715,13735696,11
1716,11271374,3
1717,9757096,14
1718,69246532,16
1719,23932100,3
1720,18152078,6
1721,284575,9
1722,1910552,11
1723,17703097,9
1724,18708913,15
1725,21869928,36
1726,8733430,4
1727,417563,7
1728,13800852,9
1729,2771939,3
1730,4608321,47
1731,882167,11
1732,2019056,10
1733,58739358,3
1734,1007556,8
1735,9690488,4
1736,413018,5
1737,3572320,4
1738,24058898,3
1739,782288,4
1740,29634,48
1741,53608690,58
1742,725195,24
1743,3157652,6
1744,10316949,7
1745,12593695,8
1746,9697217,4
1747,13686096,5
1748,47394162,4
1749,950811,6
1750,25326782,4
1751,360741,7
1752,2506955,3
1753,1269357,5
1754,899699,9
1755,28408867,9
1756,10875077,6
1757,4581249,3
1758,12669549,9
1759,72277,7
1760,383492,3
1761,84815,10
1762,354319,8
1763,2354878,4
1764,67608247,8
1765,424775,3
1766,46070025,3
1767,7398551,9
1768,1498887,4
1769,45253012,11
1770,47839240,3
1771,35430864,22
1772,10565050,12
1773,14167660,56
1774,418288,3
1775,44947551,9
1776,277720,9
1777,13057794,38
1778,1462176,8
1779,10344651,8
1780,1577025,10
1781,4585098,14
1782,27066509,3
1783,442606,4
1784,1472137,6
1785,2410349,4
1786,618701,6
1787,7459519,3
1788,52765,3
1789,14132247,3
1790,69492975,8
1791,34479790,3
1792,915123,18
1793,191496,10
1794,1403418,12
1795,11622951,11
1796,15424014,14
1797,940298,5
1798,20089740,14
1799,3207924,29
1800,38332173,6
1801,14874438,3
1802,27102117,7
1803,14183791,5
1804,24150005,4
1805,50283755,7
1806,8094915,40
1807,7039395,3
1808,10099231,21
1809,4020251,4
1810,16851516,4
1811,58868559,15
1812,74114174,5
1813,55999199,3
1814,28888252,3
1815,5408435,4
1816,37741,8
1817,29285662,3
1818,1467105,5
1819,8609,5
1820,25565853,4
1821,574024,17
1822,26013502,6
1823,2300872,32
1824,80393784,5
1825,930989,4
1826,1921045,9
1827,10818139,4
1828,540354,6
1829,19301474,3
1830,36051830,8
1831,22979816,4
1832,2927254,5
1833,9881789,9
1834,17453070,12
1835,26738463,3
1836,6713663,10
1837,170066,7
1838,24284512,20
1839,486066,9
1840,287431,6
1841,834631,11
1842,15622347,18
1843,5842777,3
1844,93747,6
1845,16581815,30
1846,8149463,4
1847,12090028,5
1848,1942316,6
1849,3265423,4
1850,44651657,3
1851,1960882,14
1852,11197701,5
1853,62862871,8
1854,11493599,7
1855,5800461,9
1856,3651053,6
1857,60088328,5
1858,642003,28
1859,30600608,21
1860,2956254,4
1861,2904776,4
1862,42542,3
1863,2435341,3
1864,9972039,5
1865,86779472,9
1866,36177740,5
1867,17250882,6
1868,454575,4
1869,6509540,36
1870,1120959,4
1871,6997111,3
1872,25880474,14
1873,13387031,3
1874,4321817,57
1875,45715730,7
1876,182565,16
1877,25846854,4
1878,71526971,8
1879,6113439,4
1880,21881123,3
1881,1397140,3
1882,76574096,19
1883,69750488,6
1884,42756243,10
1885,66976838,10
1886,34381858,3
1887,1109201,14
1888,7749989,7
1889,6038608,3
1890,14864219,18
1891,2655078,20
1892,26197228,7
1893,59548078,3
1894,38279656,4
1895,1372942,3
1896,11661216,5
1897,4197430,4
1898,5296108,3
1899,35301456,11
1900,1255895,3
1901,5202968,3
1902,32623066,8
1903,8916248,3
1904,447715,3
1905,6246504,4
1906,1240018,25
1907,353788,3
1908,33913554,27
1909,9477016,4
1910,30562,6
1911,59512326,5
1912,17545266,6
1913,3318037,48
1914,25680598,6
1915,2438297,22
1916,31642747,16
1917,347444,4
1918,3559147,3
1919,11833319,17
1920,29205521,9
1921,15909294,4
1922,1854527,12
1923,10347656,3
1924,9610605,4
1925,8654238,25
1926,21280482,4
1927,5253389,9
1928,53365146,4
1929,35707228,5
1930,17573828,23
1931,79496199,13
1932,713229,3
1933,71524311,55
1934,803614,35
1935,4196473,6
1936,279155,4
1937,6741486,6
1938,6565288,4
1939,16882620,28
1940,5058965,5
1941,38415171,62
1942,2305295,4
1943,7932292,4
1944,535872,13
1945,37272197,3
1946,5101009,3
1947,92602,7
1948,24587,9
1949,19642311,6
1950,19328,4
1951,1122149,7
1952,1858838,30
1953,2876158,57
1954,1870263,31
1955,10510000,3
1956,37060349,6
1957,43246637,3
1958,2469552,16
1959,3169158,14
1960,6362099,7
1961,358335,18
1962,3436346,4
1963,7053252,5
1964,46185,3
1965,60415068,12
1966,2580775,27
1967,1242911,17
1968,22018680,4
1969,35756004,24
1970,223003,5
1971,162209,18
1972,32236120,7
1973,79637476,8
1974,13246313,11
1975,6249852,6
1976,17572,11
1977,3199426,48
1978,7002199,7
1979,11416327,4
1980,11410949,9
1981,5570139,4
1982,4254970,9
1983,71209340,45
1984,665187,4
1985,47909830,8
1986,1922881,8
1987,39834565,4
1988,49244347,4
1989,10167491,3
1990,18268922,5
1991,25906918,23
1992,33297812,3
1993,2135491,4
1994,7084063,7
1995,407780,4
1996,9048804,48
1997,536133,10
1998,4964356,4
1999,69817609,4
2000,489998,3
2001,59913875,7
2002,937584,6
2003,48247048,3
2004,11126096,3
2005,1965832,7
2006,19020959,3
2007,8300151,7
2008,18468376,18
2009,28115930,11
2010,13856859,5
2011,20794135,6
2012,38324849,11
2013,31684285,3
2014,537539,14
2015,14624011,8
2016,140620,5
2017,3954933,8
2018,3089139,22
2019,25359984,12
2020,19344334,11
2021,33791476,7
2022,14249296,24
2023,437334,8
2024,2302674,11
2025,80338536,5
2026,2631783,4
2027,12753482,9
2028,9158092,7
2029,24061334,4
2030,4071220,5
2031,2403290,3
2032,44717914,3
2033,2401583,11
2034,4264636,5
2035,14952016,28
2036,12131979,3
2037,51414852,15
2038,465530,42
2039,33449228,13
2040,12021042,16
2041,49934430,6
2042,25403841,31
2043,72849,6
2044,529258,4
2045,2116289,53
2046,11977684,11
2047,2945981,11
2048,2679694,3
2049,21871151,21
2050,1718212,3
2051,1528985,26
2052,19826212,8
2053,1655604,5
2054,91897,3
2055,51205946,17
2056,4437805,5
2057,24857823,4
2058,63940296,5
2059,144553,3
2060,785584,17
2061,16683756,3
2062,8954091,3
2063,590768,3
2064,6003191,4
2065,14030792,7
2066,511079,6
2067,4341582,5
2068,46066034,14
2069,4217550,3
2070,34680477,5
2071,807905,5
2072,52878744,6
2073,10107669,15
2074,72210769,8
2075,11461934,4
2076,21707389,6
2077,1874973,7
2078,5335782,4
2079,9124915,7
2080,8590645,4
2081,13685073,6
2082,95536,7
2083,3826865,5
2084,14278345,83
2085,141652,4
2086,2238817,3
2087,13149975,7
2088,4295023,10
2089,1425044,9
2090,19878153,6
2091,72852247,7
2092,71262119,8
2093,35110549,4
2094,16609309,4
2095,11565206,19
2096,3570272,15
2097,6800358,3
2098,9192022,46
2099,1631038,29
2100,7622651,6
2101,39040932,17
2102,2231267,22
2103,294652,3
2104,45942928,7
2105,1704820,3
2106,40925923,4
2107,10246318,13
2108,17497965,5
2109,8413059,10
2110,1126680,5
2111,11172271,12
2112,20577999,6
2113,20646830,5
2114,11194988,6
2115,12826210,12
2116,83909965,4
2117,207021,3
2118,11467873,49
2119,207024,3
2120,40778278,29
2121,28265002,3
2122,24184385,5
2123,17267630,3
2124,18511593,6
2125,4595406,4
2126,311448,6
2127,1536057,8
2128,55258191,17
2129,99625,3
2130,57821730,5
2131,1304545,9
2132,955840,9
2133,31207858,8
2134,40697,10
2135,15577,56
2136,4407533,15
2137,13004695,3
2138,2947875,5
2139,6916720,5
2140,4051814,6
2141,22198103,3
2142,14836835,10
2143,103792,13
2144,9316862,5
2145,1943419,15
2146,7532835,4
2147,5016440,12
2148,829878,3
2149,2796942,3
2150,4170073,20
2151,5566026,5
2152,4181300,12
2153,5483066,3
2154,8220223,12
2155,12934238,17
2156,73842773,3
2157,149385,26
2158,17017184,4
2159,1751718,5
2160,257021,4
2161,7504118,3
2162,1464574,18
2163,1146798,15
2164,1451439,4
2165,735432,32
2166,801948,6
2167,47109190,4
2168,29665125,25
2169,15521852,3
2170,49038420,3
2171,383182,25
2172,861679,19
2173,32388,44
2174,77100978,20
2175,38846150,11
2176,8889151,5
2177,1418256,14
2178,588006,19
2179,1774306,7
2180,2080578,13
2181,22894591,5
2182,11231029,4
2183,277503,7
2184,31400648,3
2185,32109328,6
2186,3087957,6
2187,2908451,4
2188,17556490,3
2189,34171930,4
2190,771973,3
2191,18333480,3
2192,22884610,6
2193,23841712,3
2194,27890940,6
2195,14967296,21
2196,85859604,3
2197,10461230,4
2198,54754207,13
2199,911390,3
2200,59172438,3
2201,3719600,8
2202,6194374,3
2203,1520659,6
2204,105542,11
2205,8027655,50
2206,2174281,5
2207,16219264,17
2208,723573,4
2209,16586854,6
2210,1679996,15
2211,583532,22
2212,35453736,7
2213,14799409,7
2214,40479671,66
2215,34541669,6
2216,3979603,8
2217,19989959,15
2218,12414379,10
2219,6819701,4
2220,39234867,4
2221,13010824,3
2222,7163720,26
2223,42776628,3
2224,147598,15
2225,7763239,6
2226,300886,7
2227,67304444,3
2228,56506970,30
2229,33578102,62
2230,6635534,8
2231,11524542,10
2232,40506210,3
2233,1854319,3
2234,7543416,3
2235,319085,10
2236,43412350,22
2237,9225002,3
2238,37296210,3
2239,3090076,5
2240,62082257,9
2241,29777683,10
2242,69942662,6
2243,25146350,7
2244,1351378,8
2245,1739802,3
2246,1474093,15
2247,2410826,10
2248,909540,5
2249,15215,5
2250,31514114,9
2251,283393,3
2252,3624386,6
2253,5570434,24
2254,29944793,5
2255,8035403,16
2256,95288,5
2257,15497184,10
2258,6180638,29
2259,1690455,20
2260,66185683,8
2261,398923,20
2262,1572914,3
2263,166243,12
2264,15251716,7
2265,23704162,3
2266,9285464,5
2267,13497623,10
2268,2854070,12
2269,72826282,15
2270,4697858,11
2271,9772707,5
2272,4365917,7
2273,2211729,68
2274,12045337,21
2275,128325,7
2276,5026905,32
2277,30432618,4
2278,17705996,56
2279,20910286,30
2280,49360177,14
2281,15372758,5
2282,10037194,28
2283,20139444,7
2284,1374674,7
2285,7061091,15
2286,14117486,3
2287,10877610,3
2288,926791,8
2289,4767372,9
2290,82835096,5
2291,2135759,6
2292,46844614,12
2293,662875,8
2294,46485312,5
2295,2422530,3
2296,230229,7
2297,12667374,3
2298,7631599,37
2299,11795543,5
2300,9467163,3
2301,3964172,10
2302,10698882,5
2303,1364296,53
2304,7325155,3
2305,724084,3
2306,132239,3
2307,50589466,3
2308,675676,3
2309,2327505,19
2310,574224,7
2311,4132548,5
2312,20490609,6
2313,1373506,6
2314,53932274,4
2315,8261179,8
2316,5744690,3
2317,48573552,6
2318,4488576,6
2319,643490,3
2320,80943377,18
2321,207652,17
2322,36773547,3
2323,388745,22
2324,3624170,24
2325,1606082,10
2326,80814133,3
2327,14262071,11
2328,1910065,3
2329,471194,15
2330,847263,7
2331,14104889,5
2332,45788198,5
2333,79443,3
2334,48524210,41
2335,12431997,6
2336,9358742,3
2337,11803685,3
2338,76297588,4
2339,4986421,5
2340,18033923,10
2341,6047682,13
2342,25073375,3
2343,17629739,6
2344,19584578,3
2345,7987616,5
2346,63773377,5
2347,26676010,5
2348,2801086,8
2349,131549,6
2350,18775318,17
2351,8201914,5
2352,890625,30
2353,70877093,34
2354,13064166,16
2355,1462220,8
2356,41694100,4
2357,8639962,5
2358,9284617,6
2359,11125089,7
2360,92931,6
2361,110079,3
2362,732828,67
2363,47956087,9
2364,9167504,38
2365,48235832,4
2366,17048278,3
2367,12166066,8
2368,103519,4
2369,3045191,4
2370,6552187,5
2371,7114693,8
2372,46209922,5
2373,18239,11
2374,13563661,11
2375,42973313,10
2376,1897126,8
2377,4051204,4
2378,644866,4
2379,1853278,6
2380,20920179,3
2381,9342925,10
2382,37854146,24
2383,36431540,5
2384,14668440,4
2385,82928,3
2386,2587420,9
2387,11244064,18
2388,1556050,9
2389,23141764,8
2390,34721439,5
2391,2949379,7
2392,9586998,7
2393,3477098,10
2394,5254405,18
2395,8624204,12
2396,37270087,5
2397,5196303,3
2398,2595043,29
2399,1460884,4
2400,2249575,3
2401,7902707,55
2402,6877504,8
2403,162602,6
2404,5274050,5
2405,16645627,4
2406,6541666,3
2407,17722633,9
2408,17425550,22
2409,14048390,4
2410,1605316,25
2411,701304,6
2412,2839889,4
2413,32998412,13
2414,43186360,7
2415,12966051,5
2416,2859551,5
2417,2454366,13
2418,3077331,32
2419,31016951,3
2420,55109141,5
2421,23881576,24
2422,9548357,3
2423,1158586,5
2424,4408971,7
2425,13706493,4
2426,11493990,3
2427,36009657,3
2428,1824661,11
2429,13729960,3
2430,626343,4
2431,8395958,8
2432,75652211,6
2433,1017474,4
2434,29988037,3
2435,5799852,3
2436,4256621,10
2437,538463,4
2438,2090167,4
2439,677348,62
2440,56112231,4
2441,3964349,7
2442,12091024,9
2443,8555875,3
2444,53460310,72
2445,2602545,36
2446,24100437,4
2447,79791600,8
2448,6230449,3
2449,54456628,3
2450,15182,10
2451,13293640,7
2452,14616158,27
2453,27296631,10
2454,30057373,4
2455,23827222,27
2456,14085759,5
2457,31558600,4
2458,30730073,4
2459,3953747,32
2460,27433247,5
2461,1912381,6
2462,1659279,3
2463,1694755,4
2464,20315950,3
2465,7071446,3
2466,24041005,10
2467,3736158,3
2468,39092712,21
2469,51293197,7
2470,86929684,7
2471,18970384,4
2472,6062826,5
2473,838802,7
2474,54142215,3
2475,12971437,3
2476,664523,31
2477,10710921,15
2478,1035907,14
2479,6906467,3
2480,1974062,4
2481,5045697,14
2482,27886989,5
2483,46230335,4
2484,65723,6
2485,27321107,5
2486,4584061,5
2487,58353724,3
2488,2239188,7
2489,17599144,3
2490,348154,6
2491,5997547,6
2492,15128468,4
2493,83011996,28
2494,17002552,9
2495,1706135,28
2496,83117894,12
2497,261388,6
2498,9447116,14
2499,660352,5
2500,2543267,4
2501,19838306,3
2502,10192599,54
2503,13474358,9
2504,77021283,7
2505,11306105,22
2506,52609,3
2507,1757894,6
2508,15054973,27
2509,84567221,9
2510,534344,6
2511,1927822,4
2512,492891,21
2513,7525572,9
2514,51946051,14
2515,67501036,6
2516,668529,22
2517,19416958,19
2518,57386,32
2519,25936660,4
2520,2778489,4
2521,660723,6
2522,9352287,3
2523,8233088,40
2524,14728060,9
2525,4634581,7
2526,10308445,8
2527,1356197,3
2528,1961430,11
2529,50850695,6
2530,17383557,5
2531,11615834,11
2532,3388369,37
2533,482418,15
2534,5695003,11
2535,22516200,10
2536,429048,9
2537,233062,3
2538,25398511,3
2539,27091335,5
2540,31648199,10
2541,8676329,11
2542,48346321,23
2543,11128937,28
2544,1491792,4
2545,3115477,4
2546,11537384,33
2547,51595755,8
2548,7003352,5
2549,1557171,9
2550,845372,5
2551,15049135,5
2552,34771747,6
2553,2284329,25
2554,78455340,8
2555,6171213,36
2556,148833,38
2557,339412,15
2558,34119,3
2559,13920356,5
2560,13573209,16
2561,59473299,5
2562,107360,4
2563,14770387,4
2564,88924176,5
2565,4560192,11
2566,10825450,3
2567,2251879,58
2568,39696863,7
2569,1724484,6
2570,1786784,5
2571,3146346,4
2572,10979155,3
2573,32147323,31
2574,44121025,37
2575,5087887,3
2576,11278945,5
2577,82618357,17
2578,41759074,9
2579,201645,3
2580,53769195,3
2581,5271513,10
2582,1377529,15
2583,938061,3
2584,9698168,4
2585,680014,19
2586,2436403,6
2587,116518,75
2588,12185369,6
2589,37445848,30
2590,12600803,34
2591,1916379,6
2592,4269589,3
2593,41384919,4
2594,41650597,7
2595,729666,12
2596,7837539,10
2597,38483297,4
2598,6654527,27
2599,1963347,7
2600,2234855,16
2601,6238330,6
2602,31020150,6
2603,4882593,15
2604,616169,7
2605,6424124,5
2606,12929653,3
2607,60110756,4
2608,22396704,4
2609,998045,7
2610,2159939,7
2611,30933767,3
2612,19465814,8
2613,2466752,10
2614,4130872,7
2615,65257467,8
2616,603925,4
2617,8044075,20
2618,11720587,5
2619,6525506,3
2620,20040488,5
2621,37515574,3
2622,22894772,11
2623,27869324,19
2624,21122005,30
2625,28374671,5
2626,351709,19
2627,17600264,4
2628,204410,3
2629,286574,10
2630,81835569,29
2631,586386,4
2632,4788791,7
2633,38565806,7
2634,52510034,3
2635,27041185,5
2636,353256,4
2637,48422813,4
2638,18556168,5
2639,567692,4
2640,21168032,5
2641,1238057,38
2642,35804684,12
2643,2772917,12
2644,10271312,4
2645,690676,6
2646,32809915,3
2647,860419,28
2648,5298672,30
2649,1213781,10
2650,17839970,6
2651,7940602,29
2652,58472445,10
2653,2411467,99
2654,11802843,35
2655,46205484,4
2656,8793521,10
2657,8022647,5
2658,6753175,31
2659,2475117,17
2660,1786669,5
2661,56831440,9
2662,9878006,5
2663,2196531,8
2664,42968204,7
2665,17881765,18
2666,9324149,4
2667,69367657,62
2668,3556149,4
2669,6445849,7
2670,40778176,3
2671,75160073,3
2672,44566275,3
2673,62976700,8
2674,20407611,22
2675,5438919,7
2676,1915990,3
2677,23212894,32
2678,2883707,4
2679,20626302,16
2680,3097021,10
2681,456163,20
2682,453400,23
2683,4048020,3
2684,27419989,26
2685,8712508,4
2686,25635102,6
2687,188080,5
2688,6042232,3
2689,11179355,5
2690,4579338,20
2691,2752812,5
2692,145403,4
2693,7401,3
2694,3649046,3
2695,1586557,4
2696,32217,7
2697,523781,5
2698,84780949,13
2699,54145516,8
2700,39017834,3
2701,10777921,3
2702,77513,32
2703,78066688,3
2704,835763,4
2705,4924416,3
2706,11707890,4
2707,25709690,3
2708,5136520,4
2709,905602,5
2710,11002819,5
2711,209479,8
2712,32915406,27
2713,2586459,4
2714,27582262,10
2715,15403843,3
2716,440377,20
2717,78300382,7
2718,7887349,3
2719,11800763,3
2720,1216786,7
2721,54007941,10
2722,9275994,3
2723,10699424,13
2724,5148,12
2725,1712495,39
2726,962309,7
2727,6842271,3
2728,74324204,17
2729,1882336,7
2730,53823,6
2731,62270,23
2732,50075582,3
2733,19546197,6
2734,11621275,29
2735,499536,6
2736,3487692,5
2737,51125382,17
2738,65095082,3
2739,59692357,5
2740,9444282,4
2741,5270396,115
2742,11612538,68
2743,16965201,14
2744,21845401,5
2745,27097744,3
2746,41842061,4
2747,1213573,3
2748,36919962,15
2749,19422808,3
2750,3891495,5
2751,54307709,3
2752,32957322,8
2753,5976325,4
2754,21451762,4
2755,364510,6
2756,42512522,4
2757,16145935,3
2758,50176771,7
2759,935024,8
2760,903131,4
2761,2357226,4
2762,123760,4
2763,1928951,26
2764,25572578,8
2765,2817481,3
2766,27582862,15
2767,212058,45
2768,1678061,3
2769,713409,6
2770,23280410,5
2771,4360139,3
2772,45997587,11
2773,35160,45
2774,12796984,7
2775,1653567,5
2776,26503614,5
2777,10403721,14
2778,5393936,36
2779,3825548,22
2780,4665631,3
2781,62044185,3
2782,11764194,3
2783,988787,24
2784,5912659,3
2785,22458493,4
2786,300658,4
2787,970397,4
2788,23067254,3
2789,747147,3
2790,7445028,3
2791,48992395,3
2792,33049269,4
2793,58372615,10
2794,1904998,3
2795,5433416,3
2796,73332756,6
2797,31719198,36
2798,40003081,4
2799,101776,3
2800,12863140,4
2801,5432096,11
2802,9277126,3
2803,70848369,8
2804,59673070,7
2805,17472011,3
2806,13625701,15
2807,1871974,3
2808,28494761,15
2809,10069907,37
2810,5808715,3
2811,9549251,3
2812,348369,3
2813,3913535,27
2814,34600719,3
2815,83330559,3
2816,1691608,5
2817,3462557,3
2818,12350946,36
2819,9082348,4
2820,2713447,3
2821,3799567,6
2822,101951,3
2823,191698,3
2824,29368438,3
2825,1265763,3
2826,16133667,4
2827,36856,18
2828,2133958,8
2829,9918971,4
2830,7251050,7
2831,1913200,13
2832,6793113,5
2833,690533,11
2834,47252300,28
2835,174571,8
2836,26015,3
2837,1508245,3
2838,61982718,5
2839,13482735,4
2840,39721510,4
2841,57572694,4
2842,337936,5
2843,3117414,3
2844,4498485,4
2845,459491,7
2846,2560461,7
2847,567084,29
2848,13304161,11
2849,665143,50
2850,2788587,3
2851,57725984,6
2852,12129558,13
2853,51272321,11
2854,37667045,4
2855,1897886,6
2856,13353978,3
2857,11773569,4
2858,3539559,15
2859,1263086,3
2860,4481227,6
2861,1071198,3
2862,62072,3
2863,1859458,30
2864,18911510,5
2865,53136184,3
2866,3028222,3
2867,26331321,5
2868,27381427,8
2869,14986278,4
2870,22820574,19
2871,40636678,4
2872,941142,9
2873,37806668,19
2874,5596757,3
2875,3272699,8
2876,11502465,3
2877,1038749,18
2878,22916366,9
2879,263164,19
2880,2022160,6
2881,44280388,21
2882,74217491,109
2883,67037833,6
2884,1365220,4
2885,4949491,5
2886,6257941,5
2887,5448997,3
2888,50473723,6
2889,1095493,61
2890,11559781,11
2891,17891266,6
2892,27029342,3
2893,49160847,6
2894,19773984,57
2895,3266999,6
2896,6449308,3
2897,298807,5
2898,6788055,3
2899,7443084,15
2900,182678,3
2901,196079,10
2902,71312663,6
2903,53725136,4
2904,1840661,7
2905,4436398,33
2906,7851963,3
2907,11431370,10
2908,28552090,6
2909,2374769,109
2910,49946066,5
2911,25673083,4
2912,11248500,4
2913,334767,7
2914,6339050,3
2915,154092,6
2916,20655923,57
2917,4577718,3
2918,1416017,7
2919,6997203,8
2920,14658988,7
2921,50578383,4
2922,632500,23
2923,38712097,6
2924,15180700,4
2925,29428591,3
2926,59583229,7
2927,459869,17
2928,13681677,14
2929,10598090,18
2930,44015443,8
2931,4673075,28
2932,1368659,3
2933,289332,8
2934,67514589,10
2935,1024086,66
2936,2027245,11
2937,248136,3
2938,36442,5
2939,27703970,33
2940,73759146,3
2941,21402087,3
2942,1759860,3
2943,11153170,4
2944,24613037,3
2945,44808442,4
2946,643864,4
2947,66486332,40
2948,8396122,6
2949,772838,5
2950,1520717,57
2951,83943639,5
2952,80851345,9
2953,475224,4
2954,4926522,16
2955,12869210,4
2956,41644973,49
2957,285334,6
2958,11718306,26
2959,13889753,19
2960,18797156,3
2961,29808127,7
2962,3875047,4
2963,10697480,6
2964,1355828,11
2965,40285271,36
2966,334297,36
2967,1711609,3
2968,2150220,8
2969,1100296,53
2970,7981109,3
2971,1340933,6
2972,1039605,19
2973,151702,57
2974,81814346,6
2975,126284,41
2976,73668102,4
2977,10307561,66
2978,4199251,5
2979,30776678,3
2980,9243427,6
2981,50083690,3
2982,35694054,11
2983,10876342,4
2984,12891054,4
2985,1435413,6
2986,2944272,5
2987,2252294,9
2988,36992266,13
2989,332400,4
2990,73344069,14
2991,58688990,7
2992,3738033,10
2993,11903455,15
2994,42965358,12
2995,882700,7
2996,913528,9
2997,12452419,6
2998,59725577,6
2999,497548,3
3000,2416892,6
3001,56569209,9
3002,12714219,10
3003,48579040,3
3004,3321827,23
3005,23606984,7
3006,3951570,5
3007,3737563,3
3008,18231919,9
3009,61536351,12
3010,25543850,4
3011,3906321,5
3012,44565667,13
3013,308268,31
3014,97149,15
3015,2752193,5
3016,160444,4
3017,39008,104
3018,7179416,6
3019,5274657,7
3020,14052452,21
3021,5212802,3
3022,84189358,3
3023,29481253,4
3024,10843037,48
3025,326583,4
3026,1165999,6
3027,8415926,13
3028,1519776,5
3029,3294064,5
3030,536625,27
3031,1566753,8
3032,16297440,5
3033,11112787,4
3034,46781,5
3035,1703774,4
3036,18575050,8
3037,52709304,3
3038,69185,42
3039,4463165,5
3040,23618151,25
3041,4283216,5
3042,8484521,9
3043,42125016,4
3044,871067,15
3045,61667642,3
3046,68161,4
3047,10464198,4
3048,55285413,27
3049,4327678,3
3050,42987374,4
3051,15315713,9
3052,13741594,3
3053,29487559,5
3054,12051964,7
3055,1229561,15
3056,19489759,11
3057,1274551,7
3058,10958154,23
3059,52216099,3
3060,102090,14
3061,8222297,36
3062,1159435,6
3063,12554949,15
3064,2705846,6
3065,6786893,56
3066,27485136,3
3067,12536644,3
3068,32378017,19
3069,82345596,7
3070,183090,25
3071,12323464,5
3072,2009192,10
3073,29195720,5
3074,845216,7
3075,4169653,13
3076,1911787,10
3077,18865994,12
3078,21279619,4
3079,14020349,23
3080,107060,3
3081,5311314,4
3082,4514235,8
3083,4720377,4
3084,11191878,4
3085,2549461,9
3086,2138809,7
3087,7133347,3
3088,4013777,44
3089,42885802,3
3090,1352930,7
3091,1404405,4
3092,2378695,3
3093,21982777,3
3094,13040679,5
3095,15475670,16
3096,2725120,33
3097,404516,3
3098,62348954,3
3099,8755353,15
3100,1283639,3
3101,989359,32
3102,4440649,38
3103,75589516,5
3104,3152368,15
3105,951565,5
3106,73967235,16
3107,332964,4
3108,19080855,16
3109,10946376,25
3110,11418466,5
3111,8793353,12
3112,14644396,4
3113,499710,5
3114,37985915,3
3115,22931304,13
3116,13483920,13
3117,9667696,64
3118,80429651,9
3119,870299,5
3120,358934,36
3121,587803,6
3122,27627016,8
3123,80207093,8
3124,2587729,3
3125,6465106,10
3126,3949349,30
3127,1097511,4
3128,41363,3
3129,2584395,4
3130,48179977,4
3131,7321456,6
3132,19852172,12
3133,14226060,11
3134,52683266,4
3135,20747134,9
3136,27993636,21
3137,43211896,4
3138,19019234,11
3139,679337,3
3140,390643,15
3141,13504901,13
3142,7144099,6
3143,24042667,4
3144,1882955,6
3145,36348002,3
3146,2471857,12
3147,3799583,5
3148,21419,13
3149,6967972,10
3150,3193915,4
3151,3012534,34
3152,24677709,8
3153,3867032,5
3154,13927680,5
3155,39713694,9
3156,219047,12
3157,8082285,13
3158,2710041,3
3159,4191251,16
3160,15844778,7
3161,11515727,4
3162,23771304,6
3163,81533934,5
3164,144985,16
3165,2086421,26
3166,12460500,3
3167,4170316,29
3168,1947440,3
3169,3561818,3
3170,1312960,16
3171,16971178,18
3172,42331206,10
3173,36939357,13
3174,2852437,5
3175,1123058,9
3176,186411,6
3177,30835207,4
3178,1564486,13
3179,332658,3
3180,86457371,13
3181,55853503,19
3182,66620994,4
3183,352300,4
3184,460636,18
3185,40639512,5
3186,1550766,11
3187,366987,4
3188,54918674,9
3189,50578224,16
3190,866566,5
3191,1026436,10
3192,161338,8
3193,2308938,34
3194,53045969,4
3195,3697530,3
3196,1569788,6
3197,81660767,11
3198,5834678,4
3199,4976294,17
3200,1936254,14
3201,19909,9
3202,563238,3
3203,1881706,9
3204,1101699,6
3205,4076277,44
3206,498872,5
3207,2523624,6
3208,4092980,3
3209,1608476,5
3210,30294991,8
3211,50300389,3
3212,50201001,9
3213,6811334,9
3214,40375487,17
3215,47184924,19
3216,204670,4
3217,969197,6
3218,713940,4
3219,11277128,13
3220,155440,12
3221,1680879,4
3222,344893,5
3223,153586,4
3224,1203131,6
3225,38287780,3
3226,8242717,3
3227,10907342,14
3228,11010387,4
3229,2068063,53
3230,963266,3
3231,8225737,4
3232,11175914,5
3233,2731769,4
3234,29266313,17
3235,73661326,3
3236,1410692,24
3237,12304271,5
3238,10706670,25
3239,12228639,9
3240,34955836,11
3241,2362592,71
3242,34997813,6
3243,1538104,69
3244,649100,3
3245,179282,14
3246,60189840,22
3247,492809,13
3248,146448,8
3249,19135818,10
3250,48061,10
3251,86264169,7
3252,29252448,3
3253,31969550,9
3254,1263599,8
3255,12819208,5
3256,32754061,3
3257,42922682,28
3258,1914082,11
3259,46811007,3
3260,2755191,51
3261,10640371,5
3262,40934,4
3263,25563230,12
3264,9886166,8
3265,1953124,3
3266,31658537,12
3267,1401336,14
3268,35149164,7
3269,52781256,5
3270,4102070,7
3271,9821609,3
3272,9256955,6
3273,12921178,3
3274,8715426,7
3275,3947199,4
3276,18867480,4
3277,1314708,9
3278,18802753,4
3279,6340601,4
3280,8238128,3
3281,15033194,5
3282,4233803,5
3283,4124594,4
3284,54128063,9
3285,8495334,4
3286,833505,6
3287,26538583,8
3288,851069,4
3289,17322759,58
3290,589893,5
3291,11890866,4
3292,6324898,9
3293,23976259,23
3294,73357347,25
3295,10872142,16
3296,65053,11
3297,33707834,9
3298,543843,10
3299,85727312,21
3300,522277,56
3301,14867606,3
3302,41695718,11
3303,244846,6
3304,8302155,38
3305,3875865,13
3306,8149919,43
3307,10245931,4
3308,2463191,14
3309,10506976,10
3310,10976168,19
3311,35630320,7
3312,1198255,8
3313,630941,9
3314,26537947,23
3315,7000589,16
3316,38690712,4
3317,55237678,7
3318,6438220,3
3319,19024,7
3320,32900,12
3321,832070,3
3322,222562,9
3323,39774127,7
3324,15196183,5
3325,533448,3
3326,155327,29
3327,2250941,10
3328,436968,7
3329,1608282,17
3330,155328,18
3331,5198875,3
3332,120213,5
3333,17943214,33
3334,498460,3
3335,270505,6
3336,51025420,4
3337,54638449,4
3338,28075525,5
3339,10753820,27
3340,869084,4
3341,32967146,7
3342,485642,3
3343,821625,4
3344,853735,3
3345,41083915,4
3346,53080,3
3347,30967081,4
3348,16605348,5
3349,6248,7
3350,23461006,6
3351,61215589,4
3352,115334,7
3353,56729832,5
3354,2366224,3
3355,3404584,8
3356,7634472,11
3357,850387,6
3358,10626000,5
3359,1332983,5
3360,32757272,3
3361,5554590,17
3362,18520672,9
3363,1153422,3
3364,5989063,3
3365,18896862,4
3366,9574203,4
3367,39819970,4
3368,84717518,3
3369,4142661,33
3370,562539,3
3371,212297,10
3372,24560,37
3373,5372077,13
3374,48511107,10
3375,77409818,4
3376,59961,3
3377,585931,4
3378,2668412,11
3379,31545,13
3380,447669,3
3381,1266538,6
3382,33772911,9
3383,12349207,7
3384,11217627,3
3385,421073,14
3386,7126766,9
3387,2341398,5
3388,1935053,3
3389,17317172,6
3390,1841787,6
3391,413729,18
3392,960429,5
3393,2028675,31
3394,18617642,15
3395,7193581,28
3396,9673238,5
3397,10563815,7
3398,1341451,28
3399,2791590,6
3400,173122,7
3401,58792429,10
3402,7753543,3
3403,13647695,3
3404,6741028,7
3405,2545257,9
3406,336786,7
3407,79717672,4
3408,15339155,11
3409,1425496,8
3410,42274759,6
3411,1136920,59
3412,6477191,9
3413,56376678,3
3414,2212856,3
3415,7504043,18
3416,100049,12
3417,5410004,6
3418,14789472,3
3419,27362944,3
3420,436751,80
3421,46236741,19
3422,2235015,8
3423,9567157,12
3424,7805069,19
3425,10454019,18
3426,4924245,7
3427,53976141,5
3428,79441265,7
3429,1868475,20
3430,33464344,10
3431,38328378,4
3432,6372709,12
3433,38786389,13
3434,9688004,4
3435,23840313,17
3436,12130660,33
3437,249550,3
3438,52394949,8
3439,73176164,10
3440,12205606,3
3441,2536458,5
3442,51634722,4
3443,85168418,5
3444,28307598,4
3445,10110597,68
3446,35716347,8
3447,8942962,5
3448,38919497,3
3449,329380,5
3450,4303489,11
3451,2327724,9
3452,1331066,4
3453,8617262,36
3454,33800594,5
3455,37020979,11
3456,45097719,14
3457,278543,29
3458,22549946,32
3459,16557697,3
3460,1764651,4
3461,26895392,10
3462,11927616,7
3463,1472459,11
3464,648185,33
3465,6584909,3
3466,4413730,3
3467,752347,5
3468,78341,20
3469,39707502,18
3470,1810262,3
3471,48359747,3
3472,272853,18
3473,54911435,6
3474,5709283,5
3475,55195607,8
3476,893481,19
3477,10959641,10
3478,7277395,3
3479,11407875,3
3480,16084788,11
3481,21986706,7
3482,27382028,6
3483,2432491,3
3484,30000,12
3485,115541,3
3486,24346470,3
3487,279193,3
3488,971377,6
3489,83354443,3
3490,12341969,12
3491,84795509,3
3492,28068,5
3493,1069361,6
3494,5418751,14
3495,6086662,3
3496,38689184,3
3497,4827058,7
3498,2028248,11
3499,59249222,7
3500,3650676,4
3501,11097851,4
3502,26516,3
3503,60306620,6
3504,3878219,5
3505,4261605,4
3506,60923268,3
3507,79948262,19
3508,28492778,8
3509,12486052,10
3510,18257617,5
3511,11770721,8
3512,47096665,3
3513,52263153,3
3514,344178,11
3515,15846073,27
3516,77246955,8
3517,86609853,10
3518,778107,7
3519,42094040,4
3520,8885980,17
3521,72436738,4
3522,3844698,3
3523,124081,5
3524,828444,3
3525,29162035,3
3526,18407338,20
3527,12817488,3
3528,18181801,6
3529,214810,3
3530,15699457,9
3531,488902,3
3532,69000,4
3533,3080441,71
3534,1559157,61
3535,450446,3
3536,22187441,26
3537,7277808,30
3538,36355,7
3539,24145570,4
3540,8483638,6
3541,1238569,3
3542,536579,3
3543,166869,6
3544,10709158,5
3545,12422031,7
3546,5397987,7
3547,3343727,4
3548,27065921,16
3549,26406436,6
3550,3867401,35
3551,54494126,3
3552,24715993,6
3553,55381110,17
3554,1317839,6
3555,532374,8
3556,3272533,4
3557,1657359,10
3558,24332405,5
3559,4634033,9
3560,31942727,5
3561,7131292,3
3562,20831938,6
3563,9550412,6
3564,29352978,4
3565,52069844,28
3566,4635927,9
3567,147943,36
3568,9871900,7
3569,48534597,3
3570,9202115,11
3571,1089964,3
3572,4562340,7
3573,43540564,8
3574,32978752,28
3575,1683674,6
3576,1793119,5
3577,1867296,5
3578,27304767,3
3579,2603284,4
3580,31040539,3
3581,122655,3
3582,12289407,8
3583,42775917,11
3584,51254935,4
3585,25429133,44
3586,6741583,9
3587,38699053,4
3588,86082934,5
3589,24156462,23
3590,4940073,10
3591,71988466,6
3592,9765831,3
3593,11472980,67
3594,343178,49
3595,19184482,6
3596,66286822,14
3597,7322444,6
3598,21754450,6
3599,15177637,9
3600,1333859,19
3601,27207140,11
3602,238362,4
3603,1181232,49
3604,2575274,133
3605,1730621,3
3606,10416248,14
3607,1939540,5
3608,1694577,5
3609,245615,19
3610,47245270,10
3611,10710707,14
3612,2150719,3
3613,12643199,4
3614,42524480,3
3615,80905221,4
3616,34795841,11
3617,23740,7
3618,30400039,4
3619,460547,3
3620,1337333,3
3621,8217084,4
3622,20095459,3
3623,39376874,3
3624,45316133,4
3625,11865628,4
3626,2112624,3
3627,525753,4
3628,952126,8
3629,10754118,5
3630,81493903,4
3631,43451130,18
3632,21385910,5
3633,761059,92
3634,326658,12
3635,60166462,7
3636,59184544,21
3637,31111854,3
3638,1912112,33
3639,338345,11
3640,30193139,3
3641,13792300,4
3642,19908634,5
3643,48200185,11
3644,19512672,3
3645,6316954,7
3646,33663804,5
3647,8753666,45
3648,13288299,14
3649,13824626,12
3650,13454035,24
3651,51530922,5
3652,21202281,20
3653,6485027,10
3654,4319902,3
3655,653149,3
3656,7562427,4
3657,64569240,11
3658,7782156,16
3659,46828,4
3660,48292,12
3661,48755007,17
3662,2692564,3
3663,45008691,5
3664,59217420,5
3665,14985987,4
3666,13135661,25
3667,5675170,30
3668,44296168,3
3669,10014420,4
3670,13465381,26
3671,15465827,3
3672,11531835,4
3673,62360626,3
3674,28901835,3
3675,362332,14
3676,8056660,5
3677,43219199,4
3678,52992565,3
3679,48646,8
3680,273182,13
3681,17834364,10
3682,9345929,3
3683,3891087,4
3684,17448798,21
3685,608366,5
3686,169764,38
3687,3218276,71
3688,29539331,3
3689,9302061,5
3690,19399792,5
3691,2381793,9
3692,20552093,11
3693,52497662,19
3694,21095604,9
3695,23237100,6
3696,10315674,6
3697,848160,25
3698,43123730,3
3699,10531341,26
3700,14542365,3
3701,24940420,16
3702,1207248,4
3703,1690021,8
3704,4586970,4
3705,82058249,5
3706,39519471,4
3707,13004461,7
3708,2491884,5
3709,5205560,3
3710,13979016,4
3711,58226404,10
3712,11762706,3
3713,82674361,30
3714,1389117,4
3715,64286465,5
3716,1920511,3
3717,6265840,35
3718,14723269,6
3719,1405505,49
3720,41973965,7
3721,31198,3
3722,10077504,13
3723,59760969,48
3724,53345178,3
3725,642827,3
3726,234301,11
3727,6736205,16
3728,16340716,4
3729,289701,5
3730,533159,3
3731,17608825,9
3732,11289221,6
3733,11525308,3
3734,19903011,3
3735,181478,8
3736,38827389,5
3737,7805506,4
3738,57574519,5
3739,15989286,32
3740,3600759,4
3741,13651287,12
3742,13796672,6
3743,9755183,5
3744,1991383,8
3745,504679,59
3746,23781401,3
3747,10716896,19
3748,358905,13
3749,57832837,11
3750,82624,10
3751,17949959,9
3752,78434406,3
3753,25561445,3
3754,12888821,5
3755,1473274,4
3756,26550570,26
3757,779833,3
3758,25648265,8
3759,82719241,7
3760,8041076,20
3761,3416903,8
3762,9910102,3
3763,33428210,19
3764,1109485,3
3765,1945063,6
3766,1842194,10
3767,39394299,5
3768,10742941,20
3769,3645071,10
3770,134368,4
3771,28701189,11
3772,41434944,4
3773,36965867,16
3774,64870269,3
3775,4527156,5
3776,5717098,3
3777,3382817,84
3778,63575,6
3779,844744,5
3780,1761365,4
3781,38452,18
3782,5596969,17
3783,42764707,12
3784,167576,4
3785,39128411,6
3786,56899024,7
3787,29797444,3
3788,4146574,3
3789,61988010,12
3790,42987474,4
3791,6416394,41
3792,37517352,4
3793,6161818,3
3794,32218776,3
3795,41481465,5
3796,14072944,9
3797,12836193,21
3798,30837966,3
3799,13044722,51
3800,1619313,8
3801,433958,4
3802,1539373,11
3803,65273008,4
3804,4741784,11
3805,32507219,14
3806,68393255,3
3807,42405272,29
3808,38710625,3
3809,24791053,73
3810,1389300,33
3811,44243467,46
3812,2759377,14
3813,8740524,7
3814,5760224,5
3815,9294007,3
3816,6416301,3
3817,233466,5
3818,92489,3
3819,746341,5
3820,18715401,26
3821,75717304,4
3822,3566953,22
3823,10522165,5
3824,507790,7
3825,14265853,12
3826,822570,6
3827,119624,11
3828,1366835,6
3829,4679362,32
3830,24474,14
3831,15280029,3
3832,4437500,7
3833,28719677,20
3834,53640794,17
3835,5948835,67
3836,8087149,14
3837,310358,3
3838,4052,26
3839,10627379,12
3840,29456339,8
3841,54294619,5
3842,29638408,10
3843,38242958,67
3844,277146,7
3845,3328905,20
3846,9762425,6
3847,74444270,4
3848,69670148,26
3849,78732565,3
3850,47688255,10
3851,1375346,4
3852,2933485,6
3853,1775305,9
3854,6013994,27
3855,58249359,8
3856,1379696,7
3857,683149,4
3858,6819258,31
3859,2797032,18
3860,10095395,7
3861,7410485,10
3862,19400484,16
3863,118096,7
3864,915346,4
3865,82815194,3
3866,43220508,6
3867,7269486,5
3868,45029352,5
3869,909445,3
3870,289161,4
3871,682099,17
3872,1778883,3
3873,12190242,9
3874,17812491,5
3875,33905202,6
3876,3070551,9
3877,345074,7
3878,72178119,10
3879,16461792,4
3880,39630061,6
3881,72917123,3
3882,53672,4
3883,2165060,4
3884,27456436,4
3885,16000960,3
3886,23970469,4
3887,4214430,9
3888,1659505,7
3889,4175115,18
3890,364414,3
3891,34638548,25
3892,11182255,12
3893,5546392,15
3894,2613922,9
3895,1049330,12
3896,53907827,30
3897,39222339,3
3898,42959107,8
3899,27047775,3
3900,13179557,3
3901,20689928,8
3902,45479634,8
3903,2333758,3
3904,17157123,5
3905,5364686,6
3906,7216315,79
3907,30189241,25
3908,2699353,8
3909,893199,6
3910,655004,7
3911,3783552,6
3912,11255818,18
3913,1851163,3
3914,29541138,5
3915,40901724,40
3916,5958527,5
3917,1601713,5
3918,322202,3
3919,11762723,8
3920,22029018,14
3921,11465970,4
3922,7974793,6
3923,4806959,9
3924,3500602,7
3925,19402392,29
3926,8356961,38
3927,522210,48
3928,7894815,12
3929,3698294,13
3930,72773071,4
3931,28830143,4
3932,2004397,3
3933,229749,4
3934,6786909,4
3935,11951095,7
3936,88985872,5
3937,24622741,26
3938,32968,7
3939,40033693,3
3940,13141331,4
3941,38273339,3
3942,82462020,11
3943,77114892,15
3944,27044457,4
3945,13128604,9
3946,24691,3
3947,2962325,24
3948,20287052,7
3949,17614017,5
3950,69811933,4
3951,326193,3
3952,31966616,11
3953,861910,4
3954,8881126,8
3955,1796085,3
3956,46472690,12
3957,791508,6
3958,19785183,4
3959,17186721,8
3960,88116,5
3961,54378533,9
3962,50319310,6
3963,24461505,6
3964,5515025,7
3965,50488577,9
3966,86775076,4
3967,7856401,7
3968,1566434,8
3969,8282724,3
3970,1650073,4
3971,7899335,3
3972,20371382,3
3973,810477,6
3974,71186287,15
3975,1572114,8
3976,21143,8
3977,23047210,3
3978,19245492,3
3979,748198,23
3980,51992457,10
3981,1023243,9
3982,703041,6
3983,86819,10
3984,24122043,8
3985,13077463,5
3986,43009615,12
3987,3041571,6
3988,75611904,3
3989,33054816,3
3990,11717908,6
3991,2153882,17
3992,3484303,93
3993,8030068,9
3994,3106772,22
3995,81641485,3
3996,4614189,3
3997,111503,14
3998,13235664,36
3999,10446099,9
4000,57955256,13
4001,25805847,6
4002,353129,10
4003,4518542,4
4004,5775647,19
4005,4509037,6
4006,175138,4
4007,27199299,3
4008,7038718,25
4009,74576824,45
4010,3415609,4
4011,10669220,5
4012,7611286,5
4013,572847,10
4014,48794497,7
4015,62659731,4
4016,45931,6
4017,13461473,17
4018,641185,10
4019,11711538,4
4020,9989056,7
4021,1439646,7
4022,13574317,34
4023,2875247,23
4024,3546086,5
4025,15093616,4
4026,5929655,9
4027,1390093,3
4028,16369394,6
4029,15830065,8
4030,1697844,4
4031,17468084,22
4032,3648320,5
4033,1000842,4
4034,2022532,9
4035,7295439,3
4036,234286,4
4037,1219468,10
4038,12300131,17
4039,40294588,11
4040,4381243,12
4041,221240,6
4042,24546213,7
4043,2123819,7
4044,906550,17
4045,955609,10
4046,689485,8
4047,18835004,5
4048,10566138,3
4049,29888693,8
4050,1728440,4
4051,39567763,3
4052,1427653,8
4053,816423,7
4054,416826,15
4055,48520,5
4056,3529077,11
4057,11825908,9
4058,29896326,19
4059,11921216,3
4060,18180252,3
4061,26397087,9
4062,989477,10
4063,9285077,7
4064,26749152,4
4065,9407058,12
4066,4130279,9
4067,2506020,3
4068,27356527,3
4069,75800,3
4070,484700,19
4071,7083266,3
4072,57863371,14
4073,3597835,3
4074,1770747,5
4075,45184613,63
4076,7777746,3
4077,6428220,8
4078,3953791,5
4079,36026338,3
4080,2998030,10
4081,1489871,10
4082,47043060,5
4083,3342316,25
4084,11894867,4
4085,240041,3
4086,846239,7
4087,9276436,5
4088,38317420,3
4089,48096019,5
4090,7731169,3
4091,128827,3
4092,47089637,6
4093,59715454,11
4094,6868625,4
4095,1713393,17
4096,80431,6
4097,4926058,9
4098,16804394,3
4099,9210124,33
4100,6151741,3
4101,1344889,3
4102,19255231,9
4103,5023371,3
4104,459013,22
4105,9615555,6
4106,3943574,20
4107,33365801,5
4108,27391806,6
4109,16645511,10
4110,4323810,3
4111,34875350,3
4112,36595897,3
4113,48117752,4
4114,22088536,24
4115,56400773,20
4116,884681,8
4117,23078006,6
4118,17930879,8
4119,3585257,4
4120,62171160,5
4121,960837,4
4122,20267973,6
4123,22092322,8
4124,3013737,19
4125,5368175,6
4126,3862431,5
4127,4004918,20
4128,1676679,6
4129,2855060,4
4130,59353054,3
4131,1355942,4
4132,2527987,3
4133,36574077,32
4134,2403036,23
4135,666292,42
4136,2772438,3
4137,119096,4
4138,2606590,8
4139,42923955,3
4140,393006,6
4141,36790677,3
4142,38341699,6
4143,1345048,4
4144,23920988,29
4145,1305469,9
4146,412316,43
4147,47254095,7
4148,169091,4
4149,18104116,91
4150,1162048,26
4151,20109573,4
4152,13371063,34
4153,47822201,5
4154,16515927,3
4155,2827087,3
4156,59796054,6
4157,81367869,22
4158,2597548,7
4159,1094277,103
4160,3722123,10
4161,2675290,6
4162,50394567,3
4163,12822607,48
4164,111867,9
4165,35924822,3
4166,11706383,7
4167,8672891,4
4168,93676,4
4169,44013030,3
4170,49747590,3
4171,155107,5
4172,4469934,11
4173,76297312,5
4174,3077919,3
4175,614535,4
4176,20635704,3
4177,494870,3
4178,4386800,4
4179,547967,3
4180,15630851,4
4181,24995081,6
4182,576755,13
4183,12097942,4
4184,58318659,4
4185,7297678,3
4186,82877357,7
4187,18700735,3
4188,7313046,5
4189,20671389,4
4190,6294508,5
4191,24567257,11
4192,84085395,16
4193,15781762,7
4194,2945472,32
4195,82915103,8
4196,10988654,6
4197,24997,3
4198,1972780,5
4199,1751816,3
4200,654616,5
4201,26178,10
4202,785877,5
4203,120292,11
4204,32260446,12
4205,3939889,3
4206,18812558,3
4207,6374781,3
4208,1379710,3
4209,249413,9
4210,7715443,3
4211,8104074,5
4212,30998672,4
4213,18290328,7
4214,14116,4
4215,14014703,23
4216,8061765,4
4217,52980383,9
4218,37500503,3
4219,492980,3
4220,5871469,3
4221,3137169,31
4222,49310585,8
4223,149520,8
4224,18619,6
4225,41577144,3
4226,2011758,3
4227,14571177,6
4228,34916,11
4229,34396927,5
4230,9098261,5
4231,9295245,3
4232,6960066,4
4233,11610795,4
4234,5865673,14
4235,115753,12
4236,55856683,4
4237,275144,6
4238,29671660,5
4239,41071260,20
4240,495184,25
4241,11349099,6
4242,2977967,14
4243,7159394,13
4244,11222392,14
4245,17158075,15
4246,4701691,3
4247,749790,9
4248,7444175,3
4249,2436974,21
4250,5969062,6
4251,6573640,5
4252,2566760,3
4253,58680375,8
4254,1151304,3
4255,184083,16
4256,3289936,11
4257,2359153,18
4258,617985,16
4259,32106919,5
4260,25435024,27
4261,5616368,46
4262,13574843,10
4263,7918637,34
4264,2879775,7
4265,7740882,3
4266,8464260,29
4267,65311103,4
4268,73262125,16
4269,66863196,35
4270,1151241,39
4271,26715565,6
4272,3296971,18
4273,1728426,5
4274,23815712,12
4275,4648883,10
4276,8384022,4
4277,9130918,10
4278,642652,3
4279,18315353,3
4280,63941961,9
4281,46128844,3
4282,6451632,5
4283,294959,17
4284,45320473,3
4285,78812606,9
4286,1191157,3
4287,36744551,31
4288,63262965,6
4289,28595585,33
4290,16468036,8
4291,2450636,4
4292,181772,4
4293,12927368,5
4294,7138448,7
4295,10189770,32
4296,8614165,3
4297,26028948,14
4298,1873009,22
4299,12358480,19
4300,1239107,5
4301,12087934,4
4302,43327698,8
4303,359736,46
4304,420905,40
4305,27424911,10
4306,515868,5
4307,11922777,8
4308,26257640,17
4309,10592063,9
4310,80931459,23
4311,6723592,6
4312,33970046,4
4313,8397283,3
4314,2299817,3
4315,8330903,4
4316,8365658,49
4317,97238,22
4318,24527286,6
4319,14653435,4
4320,24953382,12
4321,18862,7
4322,1128622,3
4323,33568827,6
4324,22792177,11
4325,198481,5
4326,28704357,8
4327,8985455,5
4328,18790914,10
4329,40194,3
4330,4758786,8
4331,17667372,5
4332,5802653,7
4333,8162100,4
4334,81521410,5
4335,27031192,3
4336,692906,16
4337,28470013,3
4338,211148,4
4339,5814541,7
4340,25903918,3
4341,27657645,3
4342,21599981,3
4343,2165554,11
4344,1541301,5
4345,34878465,5
4346,13764383,3
4347,9918557,4
4348,466039,3
4349,11915808,7
4350,234434,3
4351,2508034,23
4352,47243082,11
4353,384785,7
4354,4385339,5
4355,7063403,24
4356,87673621,3
4357,7739530,4
4358,86480787,3
4359,848813,14
4360,68397381,9
4361,25073414,12
4362,34110517,18
4363,1082656,3
4364,9029066,3
4365,47502747,3
4366,32073746,3
4367,308307,7
4368,9728249,7
4369,28282237,19
4370,12259811,3
4371,14755614,4
4372,74143754,36
4373,2716628,3
4374,6511912,6
4375,70320189,3
4376,40109762,26
4377,10917826,9
4378,29491611,7
4379,42100850,7
4380,12852845,3
4381,1139989,5
4382,1428573,4
4383,2563479,4
4384,897896,6
4385,464364,15
4386,32697935,7
4387,15600177,44
4388,22088729,8
4389,29062275,6
4390,63912788,19
4391,348972,8
4392,71736577,4
4393,27139519,20
4394,1004880,6
4395,861378,5
4396,33514566,3
4397,18320864,3
4398,25650335,37
4399,17656113,3
4400,36703531,5
4401,72851499,16
4402,3007675,4
4403,55877,17
4404,2314612,3
4405,240922,10
4406,558666,5
4407,1099571,9
4408,277710,4
4409,33269754,9
4410,87667252,3
4411,62179085,5
4412,539920,6
4413,1521570,6
4414,25596686,5
4415,41232076,14
4416,14556702,3
4417,16152605,4
4418,42651091,5
4419,2766524,7
4420,17833928,3
4421,2450182,4
4422,14258051,3
4423,762296,5
4424,5631330,6
4425,702712,8
4426,2477949,7
4427,70610025,6
4428,255653,4
4429,21972395,7
4430,28834869,6
4431,57231625,3
4432,4426897,14
4433,60102461,10
4434,16953970,4
4435,28270429,3
4436,24411883,8
4437,9084346,3
4438,5529793,3
4439,3822669,9
4440,157817,10
4441,1064494,3
4442,48604483,4
4443,560302,7
4444,40297215,4
4445,1329992,3
4446,61896358,3
4447,10522452,30
4448,82869256,3
4449,2262224,3
4450,11157451,6
4451,5964872,6
4452,667308,3
4453,40221973,47
4454,2226074,3
4455,17937403,3
4456,12539773,3
4457,15264691,24
4458,5154796,14
4459,11285242,38
4460,23710791,11
4461,1989581,5
4462,4038188,3
4463,44359219,7
4464,56289503,5
4465,10009467,17
4466,1409027,6
4467,23290,6
4468,81282954,8
4469,48064883,3
4470,25667455,4
4471,10909654,14
4472,344057,3
4473,8954773,6
4474,11375,7
4475,483517,3
4476,25945220,6
4477,18041054,8
4478,23858377,22
4479,19481737,17
4480,1014689,3
4481,82133565,56
4482,5569009,28
4483,23874,32
4484,1102985,25
4485,51614,3
4486,87599,5
4487,59016023,5
4488,2767977,7
4489,240009,6
4490,1875507,5
4491,18100566,15
4492,2877171,17
4493,48251605,4
4494,366367,6
4495,5428455,9
4496,2449226,10
4497,1102673,3
4498,18570500,4
4499,1955529,4
4500,321912,4
4501,1006831,3
4502,12865351,11
4503,18856352,8
4504,5807285,7
4505,3760084,27
4506,520006,3
4507,64366360,7
4508,4947042,9
4509,1128357,3
4510,37545,9
4511,78549656,7
4512,2950108,3
4513,19690471,11
4514,16799950,4
4515,39928982,3
4516,1784749,3
4517,5683202,5
4518,1368686,5
4519,35949437,13
4520,23296507,11
4521,20773402,8
4522,18225163,19
4523,353064,9
4524,80234971,3
4525,4749591,9
4526,8972620,6
4527,1201883,7
4528,9978938,4
4529,3103452,8
4530,641802,45
4531,23694875,4
4532,35775654,12
4533,24826432,16
4534,6305440,10
4535,22212833,5
4536,13808577,6
4537,11351572,10
4538,1200594,14
4539,106937,5
4540,83735,3
4541,4309795,6
4542,7154654,3
4543,9844557,5
4544,212773,17
4545,10772295,6
4546,7912740,8
4547,792108,4
4548,12123673,14
4549,1536318,6
4550,15059,4
4551,31611086,3
4552,23201773,18
4553,293016,73
4554,6120948,5
4555,58335562,61
4556,35424549,3
4557,6120947,41
4558,3400811,3
4559,4323745,4
4560,34186538,40
4561,10584916,4
4562,43114153,12
4563,77787137,5
4564,110157,12
4565,364,3
4566,11871809,10
4567,2095992,12
4568,15759691,4
4569,18734810,12
4570,2131344,6
4571,223306,33
4572,38205563,35
4573,1088721,4
4574,257099,4
4575,1111878,5
4576,24607,29
4577,24608,12
4578,617715,6
4579,1392202,46
4580,59148281,8
4581,16115315,9
4582,7031314,6
4583,34326277,30
4584,3350511,30
4585,7356903,3
4586,2617480,4
4587,391027,4
4588,8143375,3
4589,72357471,3
4590,348621,5
4591,6557322,16
4592,54040402,17
4593,3212548,4
4594,1001325,3
4595,11355869,23
4596,412893,4
4597,12307618,3
4598,7879475,4
4599,1988390,7
4600,4431878,4
4601,35882449,17
4602,33391834,7
4603,24748477,3
4604,23120998,3
4605,3132881,3
4606,64327,4
4607,10925441,4
4608,24429305,46
4609,5898585,11
4610,15647803,8
4611,523780,7
4612,128701,3
4613,26843157,3
4614,4529641,5
4615,8000542,3
4616,2848482,3
4617,35784215,5
4618,27324649,5
4619,3237738,3
4620,67216651,3
4621,1631258,3
4622,37443405,4
4623,54161270,5
4624,30720411,21
4625,10401518,6
4626,1162411,46
4627,38537109,3
4628,28388453,6
4629,48923955,4
4630,18520498,6
4631,21051980,5
4632,41174538,3
4633,180810,5
4634,16012373,3
4635,18386,4
4636,365516,12
4637,1888214,31
4638,627881,16
4639,39773359,18
4640,29808212,9
4641,86894933,12
4642,12697904,40
4643,6280736,5
4644,3114832,4
4645,11695961,3
4646,52804275,8
4647,13931813,12
4648,19133766,24
4649,338497,4
4650,61961981,5
4651,19908204,4
4652,12229538,29
4653,75820074,4
4654,811613,7
4655,19436049,9
4656,4220635,3
4657,27875945,3
4658,8246742,3
4659,57290660,36
4660,15850665,17
4661,26167384,5
4662,1350695,6
4663,11184800,24
4664,258106,4
4665,2634225,10
4666,2634226,50
4667,174970,7
4668,2739196,11
4669,7853006,4
4670,11548506,20
4671,36997298,5
4672,12510478,25
4673,7635208,15
4674,1164249,17
4675,7901311,3
4676,79270082,6
4677,79084455,16
4678,12597428,3
4679,17565176,4
4680,270527,15
4681,2337830,4
4682,463831,7
4683,4280498,4
4684,64138,6
4685,127475,27
4686,46889983,4
4687,9848757,27
4688,807955,3
4689,64614035,60
4690,38909718,17
4691,8654804,6
4692,10072476,4
4693,64844733,3
4694,2099464,5
4695,7020629,19
4696,40031979,3
4697,4382908,3
4698,61020922,4
4699,27164926,10
4700,245909,4
4701,1609273,4
4702,57641837,3
4703,2881677,3
4704,23817988,5
4705,1973554,11
4706,2512564,10
4707,367766,6
4708,72251375,5
4709,894749,10
4710,7822093,17
4711,24699567,7
4712,6218722,13
4713,22988813,7
4714,25837456,10
4715,44204343,3
4716,15181914,8
4717,2822476,3
4718,45251,5
4719,50858034,3
4720,1738897,19
4721,68179232,13
4722,3127213,6
4723,52442769,3
4724,18720058,3
4725,14657659,10
4726,794315,3
4727,63668677,38
4728,2564092,5
4729,6770203,23
4730,23279777,3
4731,63353165,3
4732,10566814,15
4733,30810874,7
4734,6585679,6
4735,25938167,29
4736,81048628,9
4737,53066204,29
4738,18777030,15
4739,49512824,4
4740,104922,107
4741,6902414,4
4742,371078,9
4743,5497038,7
4744,1488030,6
4745,26868891,3
4746,1159341,49
4747,12962087,3
4748,7916221,17
4749,3461656,5
4750,840762,10
4751,26036159,3
4752,89715,35
4753,9313959,17
4754,106408,6
4755,764065,33
4756,883575,4
4757,3891400,16
4758,12596746,4
4759,1960402,5
4760,188376,4
4761,7508077,53
4762,87845744,4
4763,1723574,3
4764,161150,13
4765,76481393,4
4766,32024665,3
4767,72125732,29
4768,1689818,4
4769,299889,5
4770,11440454,4
4771,109097,5
4772,456334,10
4773,73590,5
4774,22907580,6
4775,77297934,3
4776,14217456,3
4777,8882992,34
4778,18045356,4
4779,366755,28
4780,45797692,13
4781,26148766,10
4782,38369164,10
4783,546908,17
4784,58932676,8
4785,2654813,51
4786,8213061,4
4787,3478590,4
4788,26442,28
4789,26724904,5
4790,34046364,4
4791,4566552,4
4792,2883674,3
4793,2682615,3
4794,1994294,11
4795,7092398,3
4796,8678384,6
4797,11121803,5
4798,5777390,3
4799,2450003,9
4800,332300,7
4801,11605976,13
4802,101475,13
4803,5274192,7
4804,5138217,9
4805,27953,40
4806,5411912,16
4807,54121272,6
4808,7278696,4
4809,1556797,5
4810,45706589,3
4811,215019,111
4812,26595892,3
4813,1650693,11
4814,9573173,18
4815,11009476,7
4816,3326819,3
4817,4144316,9
4818,19422062,9
4819,55658978,3
4820,134056,8
4821,42761422,7
4822,17412808,3
4823,122857,11
4824,38332182,71
4825,560479,9
4826,133496,9
4827,2896337,38
4828,1294780,11
4829,7279617,5
4830,790093,4
4831,19751489,3
4832,22308651,6
4833,66545365,30
4834,176004,3
4835,81758442,9
4836,2071332,7
4837,37033676,20
4838,6894566,11
4839,86341324,10
4840,77875154,17
4841,16961183,3
4842,17434437,12
4843,10841312,4
4844,3324413,15
4845,2174709,14
4846,52777746,8
4847,1442238,15
4848,18730922,4
4849,79206932,23
4850,29208101,5
4851,12761271,7
4852,65111003,32
4853,24736993,4
4854,4199455,20
4855,6059778,3
4856,2453381,8
4857,13026015,5
4858,17739748,4
4859,7272703,5
4860,40452,5
4861,2505516,3
4862,26671173,8
4863,5068987,19
4864,77253536,5
4865,2668706,4
4866,45278104,6
4867,2945994,5
4868,23221521,31
4869,9754317,10
4870,7092569,18
4871,18516837,42
4872,39851179,3
4873,2400996,3
4874,1823304,13
4875,3020890,47
4876,36812636,16
4877,20191808,3
4878,235138,4
4879,34161455,7
4880,882631,3
4881,18088017,3
4882,195667,4
4883,83615426,3
4884,15261264,5
4885,53644838,5
4886,354111,16
4887,5265887,3
4888,1729155,5
4889,43958,12
4890,10827322,15
4891,24132323,27
4892,8044762,9
4893,11045639,23
4894,11436714,16
4895,598408,4
4896,3445439,6
4897,39328516,3
4898,63089168,5
4899,482975,3
4900,139475,3
4901,17678733,3
4902,15079149,3
4903,19516001,21
4904,638156,8
4905,31234760,5
4906,27045240,3
4907,46717737,9
4908,75134716,27
4909,57576710,5
4910,20459636,33
4911,10976192,6
4912,745087,24
4913,27329320,7
4914,30121812,4
4915,717807,12
4916,49991998,5
4917,6551892,4
4918,41868838,3
4919,676693,6
4920,10820675,3
4921,376275,4
4922,3068178,6
4923,25574325,11
4924,2284403,4
4925,317340,3
4926,42165630,25
4927,7556883,4
4928,7748029,4
4929,6113391,40
4930,7999137,6
4931,820678,3
4932,11680337,4
4933,19690438,3
4934,1957373,32
4935,14160546,4
4936,1948353,4
4937,2306447,7
4938,6819108,8
4939,22273919,15
4940,68260354,4
4941,13242960,8
4942,12302165,9
4943,29556799,22
4944,395578,66
4945,81371990,3
4946,1772234,6
4947,7665100,5
4948,15790914,3
4949,2068903,40
4950,24501165,40
4951,10764335,74
4952,8073169,4
4953,66097963,4
4954,55285194,20
4955,31310046,31
4956,87644,5
4957,41952869,13
4958,491839,5
4959,14218741,28
4960,4474515,4
4961,4239384,6
4962,75400182,10
4963,3161131,6
4964,10747055,4
4965,4949672,3
4966,1095766,17
4967,2717598,5
4968,156791,16
4969,74899689,5
4970,1323187,13
4971,52424641,3
4972,15354881,14
4973,14180061,74
4974,730433,7
4975,55340243,20
4976,4658545,20
4977,15355421,3
4978,12229948,4
4979,1499658,18
4980,3023984,113
4981,44869372,3
4982,150244,15
4983,65146,10
4984,3662826,3
4985,430169,5
4986,2657371,3
4987,2109530,4
4988,22512,21
4989,7701090,5
4990,1928000,3
4991,3360494,4
4992,74403970,4
4993,2417484,30
4994,48910588,6
4995,403762,3
4996,1039526,6
4997,151227,3
4998,4628594,8
4999,342910,3
5000,1929717,3
5001,1544913,9
5002,22114815,9
5003,287679,6
5004,19312,8
5005,1400650,43
5006,10704067,7
5007,1538599,7
5008,5500771,5
5009,80127436,48
5010,8684841,6
5011,1721433,7
5012,5651047,5
5013,12458505,3
5014,1316725,40
5015,9303234,6
5016,128567,10
5017,13723295,8
5018,1474857,17
5019,8519911,3
5020,771968,3
5021,69555128,3
5022,6999973,33
5023,349136,6
5024,512238,11
5025,6255303,35
5026,347869,4
5027,1356267,23
5028,216608,4
5029,7440598,3
5030,72355349,3
5031,2945749,3
5032,200594,7
5033,6925270,23
5034,24643417,9
5035,1467485,7
5036,1727060,6
5037,32600932,7
5038,176571,17
5039,10216150,4
5040,9766502,13
5041,51297593,4
5042,16205255,3
5043,155768,38
5044,1091326,6
5045,22617547,10
5046,28532144,11
5047,573991,19
5048,8492594,4
5049,1490197,4
5050,384623,10
5051,1596861,3
5052,3723770,10
5053,7873735,5
5054,5928502,11
5055,5679627,3
5056,1749312,4
5057,8997193,8
5058,69329903,3
5059,65731416,12
5060,786730,16
5061,27514856,13
5062,770174,4
5063,76957941,6
5064,5022860,4
5065,35406860,5
5066,3131795,30
5067,7591021,3
5068,34626316,10
5069,29276441,4
5070,43920772,7
5071,36732474,17
5072,370735,5
5073,1662591,57
5074,9818448,7
5075,1617681,4
5076,44889,5
5077,20976969,62
5078,143282,3
5079,10810379,3
5080,1403143,6
5081,12983948,3
5082,7457440,4
5083,22752171,4
5084,22614176,6
5085,5021363,16
5086,25285805,36
5087,689687,8
5088,43154419,4
5089,61734015,4
5090,96496,6
5091,78407743,4
5092,25707428,4
5093,11502030,34
5094,24132340,4
5095,6779804,11
5096,4297139,21
5097,25292453,4
5098,8881388,8
5099,25480827,6
5100,21089766,8
5101,42421467,3
5102,1958443,3
5103,478958,32
5104,96728,3
5105,57792616,7
5106,3207031,3
5107,1269487,5
5108,9515773,7
5109,2635680,14
5110,10034922,5
5111,5137759,4
5112,5029790,3
5113,44002914,59
5114,3478389,4
5115,87014743,3
5116,37994025,6
5117,52547611,7
5118,2414327,5
5119,11529894,5
5120,23863377,7
5121,1849,15
5122,2615795,7
5123,3034923,50
5124,3710455,19
5125,28190494,5
5126,1040174,77
5127,3000299,4
5128,3403033,4
5129,39442869,23
5130,12205573,10
5131,52501221,4
5132,36439,3
5133,534335,10
5134,31528751,3
5135,1856930,3
5136,39223064,5
5137,23441541,4
5138,1620254,9
5139,400448,3
5140,1244817,26
5141,8308398,45
5142,7003774,18
5143,3141394,6
5144,9118334,6
5145,7916268,8
5146,6968780,3
5147,48045487,4
5148,35558945,4
5149,63957985,7
5150,62143289,4
5151,1504869,43
5152,10514972,4
5153,707642,6
5154,316319,9
5155,8353919,10
5156,1527202,19
5157,55233435,15
5158,169434,7
5159,394682,66
5160,33972915,4
5161,35779817,6
5162,8790,3
5163,80112504,3
5164,1402951,6
5165,1063148,12
5166,3648178,10
5167,3698259,3
5168,11376097,9
5169,31139027,7
5170,933929,3
5171,366539,3
5172,1936624,4
5173,15881087,16
5174,91965,5
5175,1567901,4
5176,21206570,9
5177,9392694,7
5178,10012250,6
5179,127149,6
5180,11342982,29
5181,100787,10
5182,32041891,41
5183,4922981,7
5184,52158130,15
5185,2704650,4
5186,50063140,4
5187,32367843,4
5188,50985847,3
5189,1875793,15
5190,958729,6
5191,10046469,6
5192,20963405,4
5193,35193526,6
5194,852229,6
5195,973148,4
5196,40767241,4
5197,7976457,11
5198,13104677,23
5199,1928281,3
5200,1667558,6
5201,28931340,4
5202,43577034,14
5203,2273856,22
5204,18372438,52
5205,5370711,5
5206,42757081,6
5207,7322050,6
5208,1082218,12
5209,248739,42
5210,128506,5
5211,11697,6
5212,66391638,3
5213,2831513,5
5214,2319941,3
5215,20071442,7
5216,3270822,47
5217,7655903,47
5218,7338727,3
5219,11639269,19
5220,50187231,11
5221,10621480,6
5222,146768,23
5223,300183,8
5224,15516981,3
5225,43702070,3
5226,2621,3
5227,11715256,3
5228,70533477,5
5229,7150014,3
5230,59080337,15
5231,28413911,4
5232,38442098,8
5233,49148074,4
5234,74697771,3
5235,37032017,6
5236,5368584,18
5237,27873198,7
5238,17660249,7
5239,79468758,12
5240,399464,6
5241,7680479,11
5242,54139261,3
5243,1886148,6
5244,222543,74
5245,653226,4
5246,430191,11
5247,19053801,45
5248,3352362,3
5249,29774617,9
5250,3348005,3
5251,271063,26
5252,411005,4
5253,9852699,16
5254,73678839,3
5255,5068699,36
5256,34849601,3
5257,995127,4
5258,798859,5
5259,51960689,3
5260,34891986,3
5261,1526944,10
5262,8704315,5
5263,3715614,3
5264,3029471,7
5265,30588563,6
5266,2616547,16
5267,39715771,4
5268,51650728,48
5269,1311655,16
5270,4503289,10
5271,2508566,56
5272,10126233,3
5273,26548272,11
5274,79981516,10
5275,5657017,3
5276,1273454,22
5277,9998372,20
5278,10727309,11
5279,47149,31
5280,24253971,6
5281,1248318,7
5282,11100106,3
5283,25334798,10
5284,33104402,3
5285,1295731,7
5286,117007,3
5287,14055969,4
5288,16646541,5
5289,11649244,26
5290,2131119,3
5291,15466784,15
5292,17426039,21
5293,4594347,5
5294,8706642,77
5295,35092214,6
5296,2092904,5
5297,4978923,8
5298,2216231,3
5299,9252202,71
5300,3991133,7
5301,20910520,4
5302,342163,3
5303,12010299,16
5304,3060252,17
5305,75775,3
5306,5941510,16
5307,12571870,5
5308,7325939,3
5309,1262465,7
5310,54311508,47
5311,41176177,23
5312,11917461,3
5313,72002687,5
5314,2117685,8
5315,5070905,22
5316,327033,3
5317,3150169,5
5318,3939615,8
5319,4717916,24
5320,1285922,5
5321,164864,5
5322,52237284,7
5323,157152,5
5324,1614787,3
5325,22351261,5
5326,23221023,7
5327,603906,7
5328,30285932,21
5329,53496765,4
5330,1627261,7
5331,1129199,6
5332,16965054,7
5333,64026905,12
5334,5649712,8
5335,14268995,8
5336,892003,29
5337,74868650,7
5338,2266024,13
5339,2468681,3
5340,469918,13
5341,68538787,7
5342,541599,5
5343,64240210,13
5344,202422,4
5345,59974626,6
5346,1969181,5
5347,18256315,6
5348,21515309,3
5349,62506283,4
5350,13197115,7
5351,1139010,42
5352,264706,26
5353,394916,20
5354,6993966,16
5355,725697,5
5356,1346764,5
5357,59461,13
5358,76641241,6
5359,15065629,4
5360,3326711,8
5361,2007815,8
5362,20913171,4
5363,42064997,39
5364,385588,6
5365,10756021,6
5366,7242022,5
5367,27078838,3
5368,882311,26
5369,4726148,7
5370,18469680,35
5371,3365265,15
5372,8836282,5
5373,4040532,4
5374,4988650,21
5375,40539,3
5376,83522643,7
5377,1784303,14
5378,3094752,6
5379,13963712,14
5380,17656879,9
5381,11667096,4
5382,8605040,6
5383,342957,10
5384,9883814,26
5385,8804520,4
5386,1194118,8
5387,7699436,24
5388,11186010,17
5389,3674955,18
5390,75466993,3
5391,42437374,6
5392,28971181,12
5393,43066771,6
5394,23840892,20
5395,5139887,7
5396,370964,3
5397,12991900,6
5398,2522306,24
5399,120478,11
5400,5575012,7
5401,9541993,7
5402,6341247,4
5403,16485299,5
5404,3171812,4
5405,33431555,4
5406,25966194,4
5407,1404869,4
5408,28721255,4
5409,9813188,19
5410,11681764,4
5411,26518683,3
5412,1729252,4
5413,2701448,3
5414,54477749,7
5415,13230232,4
5416,1839677,42
5417,22511765,3
5418,12594126,10
5419,6563077,9
5420,1737383,3
5421,2798335,22
5422,16573137,4
5423,50755249,31
5424,54956140,19
5425,46472640,3
5426,9417750,18
5427,2240390,7
5428,41425782,6
5429,610656,3
5430,12102579,13
5431,11236501,5
5432,666823,4
5433,4125313,3
5434,4235918,18
5435,20523119,4
5436,2652489,12
5437,72857203,4
5438,2830585,4
5439,1805439,5
5440,38065428,9
5441,2745409,3
5442,48734585,9
5443,18734640,18
5444,57057312,3
5445,26019056,3
5446,1541823,15
5447,24609570,12
5448,19595584,7
5449,1809444,13
5450,16087965,9
5451,2407487,4
5452,9289739,3
5453,3369445,56
5454,37117585,8
5455,837022,19
5456,1748912,28
5457,9903577,6
5458,1888072,5
5459,1417979,7
5460,232040,3
5461,16565279,10
5462,175220,5
5463,13506594,4
5464,471245,3
5465,5392798,6
5466,89659,31
5467,32425069,5
5468,45232565,7
5469,3584221,3
5470,1214936,9
5471,3288775,3
5472,21707051,6
5473,17659686,3
5474,3628125,3
5475,3746198,3
5476,23542167,29
5477,10818368,4
5478,9361070,6
5479,46686338,4
5480,421160,7
5481,3287280,18
5482,1341110,7
5483,648915,7
5484,54016450,4
5485,22645098,13
5486,23320,4
5487,11626838,4
5488,594494,11
5489,8583933,12
5490,68580939,5
5491,1137334,89
5492,6794049,22
5493,26185753,3
5494,13989754,7
5495,6392289,3
5496,740698,8
5497,52431991,5
5498,60274428,10
5499,35978,3
5500,20214878,3
5501,45822890,5
5502,32898272,44
5503,1607489,3
5504,55059127,11
5505,12781658,3
5506,12621,3
5507,85141376,6
5508,24827831,3
5509,1806851,3
5510,3484659,7
5511,9451813,5
5512,25990848,4
5513,1824997,3
5514,5476801,8
5515,13944546,8
5516,7399802,6
5517,187811,4
5518,687082,3
5519,78983378,6
5520,20645891,4
5521,3364290,11
5522,21957113,4
5523,5974005,5
5524,44857214,4
5525,4460697,6
5526,514094,4
5527,38346028,5
5528,8101701,10
5529,466488,6
5530,46807608,3
5531,6714713,67
5532,4872037,13
5533,1389895,3
5534,9961832,4
5535,1216799,19
5536,7896445,10
5537,533436,7
5538,23659112,11
5539,4067311,7
5540,6825058,45
5541,2685189,3
5542,12010415,6
5543,2636137,3
5544,16524590,5
5545,2355833,5
5546,209780,4
5547,26617514,4
5548,6837,27
5549,11985071,10
5550,31779306,10
5551,427390,31
5552,2206690,4
5553,102272,9
5554,72524835,4
5555,23606243,71
5556,9687,11
5557,62721,6
5558,12214605,5
5559,52268823,3
5560,1396649,8
5561,7809148,5
5562,37455380,7
5563,4399793,6
5564,480738,4
5565,80322,12
5566,34843289,12
5567,2217857,3
5568,2389869,3
5569,32193914,3
5570,16939209,31
5571,20037285,9
5572,42777026,4
5573,40098433,3
5574,8296859,3
5575,95124,4
5576,3236629,5
5577,18569709,3
5578,10102213,4
5579,2343651,5
5580,59444,5
5581,25780114,3
5582,39900455,14
5583,1884006,6
5584,561587,9
5585,694786,4
5586,338867,3
5587,12738011,18
5588,1748580,31
5589,7048661,51
5590,1543091,8
5591,2129763,22
5592,131717,3
5593,183453,3
5594,121364,3
5595,740753,12
5596,2504876,7
5597,1135660,5
5598,1960487,10
5599,10143850,18
5600,1389535,6
5601,869629,7
5602,47392,14
5603,8655370,4
5604,8302534,3
5605,228968,16
5606,17361447,27
5607,5325081,7
5608,6965769,4
5609,116503,5
5610,16583011,6
5611,4704147,18
5612,10344012,3
5613,65992767,3
5614,14026866,9
5615,30323676,4
5616,241657,3
5617,2429670,45
5618,1214472,3
5619,9087866,15
5620,56310475,15
5621,49585803,36
5622,1444200,3
5623,5556350,5
5624,4460442,6
5625,428637,18
5626,13021246,3
5627,12494452,8
5628,9278,7
5629,10365563,28
5630,70463475,8
5631,31517776,3
5632,82231863,8
5633,8027356,4
5634,48659307,4
5635,53551142,8
5636,306963,6
5637,12160060,5
5638,36112200,8
5639,3326547,10
5640,10761494,5
5641,2041456,12
5642,61177698,8
5643,2892464,3
5644,11859961,3
5645,199328,3
5646,65736664,23
5647,25486905,23
5648,620564,10
5649,3248005,9
5650,1571146,4
5651,1101148,52
5652,2544559,5
5653,12013695,5
5654,24635395,3
5655,729,5
5656,11183519,5
5657,4168161,3
5658,67470629,9
5659,17887514,4
5660,4428101,5
5661,30781,5
5662,7027394,5
5663,4024288,10
5664,48426536,3
5665,49242731,4
5666,131731,8
5667,3546444,41
5668,1619049,4
5669,1628885,11
5670,5506453,4
5671,7666691,5
5672,2335556,13
5673,1390185,8
5674,4948282,7
5675,8719342,32
5676,7079500,6
5677,517736,16
5678,630029,21
5679,129217,4
5680,357629,3
5681,9381490,10
5682,217793,8
5683,15264,15
5684,2116859,11
5685,10802307,6
5686,789177,7
5687,12895000,3
5688,81834933,3
5689,402665,3
5690,6060300,18
5691,4642697,3
5692,85249300,3
5693,27831491,49
5694,26185926,6
5695,51386,36
5696,170434,9
5697,11258110,13
5698,519169,8
5699,55225035,15
5700,9427929,17
5701,706191,10
5702,14269054,4
5703,5405253,4
5704,57249799,4
5705,6144410,8
5706,187239,5
5707,17272395,11
5708,515900,24
5709,15287182,17
5710,84387770,3
5711,14719052,21
5712,63144283,16
5713,2701891,4
5714,40893004,3
5715,27905548,16
5716,5679106,4
5717,1819593,7
5718,13501829,17
5719,13167333,4
5720,56861484,5
5721,17141601,15
5722,8945440,15
5723,507055,46
5724,2167262,16
5725,578769,3
5726,1077112,14
5727,1364151,3
5728,12894721,36
5729,329482,6
5730,1276532,6
5731,12666092,5
5732,10510980,5
5733,24971712,3
5734,19277250,31
5735,30487606,3
5736,22183531,4
5737,60344653,3
5738,3420271,3
5739,16726366,5
5740,7555124,29
5741,6370326,8
5742,8305787,19
5743,11398320,6
5744,3151651,7
5745,41112,6
5746,2049661,31
5747,11776196,5
5748,11493882,6
5749,288324,14
5750,6232061,33
5751,6710779,18
5752,5506138,3
5753,30137185,7
5754,560202,82
5755,1417914,4
5756,752899,16
5757,14082340,22
5758,7820187,5
5759,3141402,6
5760,283111,11
5761,257428,5
5762,604588,3
5763,395394,32
5764,483062,14
5765,4674240,3
5766,73509849,4
5767,112785,5
5768,4893633,8
5769,1305242,12
5770,55734535,3
5771,27042079,34
5772,10172243,6
5773,331673,10
5774,38626283,7
5775,2453043,3
5776,39242781,6
5777,68556363,66
5778,9665495,8
5779,38322244,11
5780,58672307,3
5781,126293,34
5782,10101984,4
5783,86627524,4
5784,24597516,3
5785,5676108,4
5786,10408872,4
5787,2051782,10
5788,417175,4
5789,4955172,3
5790,3415500,5
5791,21844220,6
5792,300644,7
5793,6506929,3
5794,2001694,3
5795,8012672,5
5796,57864084,8
5797,55862813,3
